ts,value,counter_name,t_s
374821132898,25.689435958862305,application_prediction_milliseconds,0.0
374821306492,0.0,stale_frames_per_second,0.000173594
374821309148,0.0,last_used_foveation_level,0.00017625
374821311128,6.0,application_layer_count,0.00017823
374821313419,11638.0,app_vss_mb,0.000180521
374821315503,493.0,app_rss_mb,0.000182605
374821316857,81.0,app_uss_mb,0.000183959
374821318263,1.1036739349365234,app_gpu_ms,0.000185365
374821319878,72.0,display_refresh_rate,0.00018698
374821321648,3.0,cpu_level,0.00018875
374821323107,2.0,gpu_level,0.000190209
374821324565,1920.0,cpu_frequency_mhz,0.000191667
374821326284,545.0,gpu_frequency_mhz,0.000193386
374821327898,3196.0,mem_frequency_mhz,0.000195
374821329200,2239.0,available_memory_mb,0.000196302
374821331180,2.3009395599365234,timewarp_gpu_ms,0.000198282
374821332690,0.0,guardian_gpu_ms,0.000199792
374821334357,0.0,screen_tears_per_second,0.000201459
374821336075,46.0,cpu_util_0,0.000203177
374821337950,45.0,cpu_util_1,0.000205052
374821339461,54.0,cpu_util_2,0.000206563
374821340971,25.0,cpu_util_3,0.000208073
374821342534,27.0,cpu_util_4,0.000209636
374821344096,20.0,cpu_util_5,0.000211198
374821345607,0.0,cpu_util_6,0.000212709
374821347273,0.0,cpu_util_7,0.000214375
374821348888,26.430457830429077,gpu_util,0.00021599
375102235999,0.0,application_prediction_milliseconds,0.281103101
375102354020,0.0,stale_frames_per_second,0.281221122
375102357093,0.0,last_used_foveation_level,0.281224195
375102360374,0.0,application_layer_count,0.281227476
375102362770,0.0,app_vss_mb,0.281229872
375102364958,0.0,app_rss_mb,0.28123206
375102366676,0.0,app_uss_mb,0.281233778
375102367978,2523.318359375,app_gpu_ms,0.28123508
375122550324,0.0,application_prediction_milliseconds,0.301417426
375122701053,0.0,stale_frames_per_second,0.301568155
375122703814,0.0,last_used_foveation_level,0.301570916
375122705845,1.0,application_layer_count,0.301572947
375122708085,6661.0,app_vss_mb,0.301575187
375122710168,150.0,app_rss_mb,0.30157727
375122711574,2.0,app_uss_mb,0.301578676
375122712980,1.1681113243103027,app_gpu_ms,0.301580082
375821958311,24.97089385986328,application_prediction_milliseconds,1.000825413
375821967165,0.0,stale_frames_per_second,1.000834267
375821968415,0.0,last_used_foveation_level,1.000835517
375821969144,6.0,application_layer_count,1.000836246
375821969977,11638.0,app_vss_mb,1.000837079
375821970706,493.0,app_rss_mb,1.000837808
375821971175,81.0,app_uss_mb,1.000838277
375821971696,1.136780858039856,app_gpu_ms,1.000838798
375821972165,72.0,display_refresh_rate,1.000839267
375821972738,3.0,cpu_level,1.00083984
375821973154,2.0,gpu_level,1.000840256
375821973727,1920.0,cpu_frequency_mhz,1.000840829
375821974561,545.0,gpu_frequency_mhz,1.000841663
375821975133,3196.0,mem_frequency_mhz,1.000842235
375821975550,2239.0,available_memory_mb,1.000842652
375821976279,2.293963670730591,timewarp_gpu_ms,1.000843381
375821976852,0.0,guardian_gpu_ms,1.000843954
375821977217,1.0,screen_tears_per_second,1.000844319
375821977738,45.0,cpu_util_0,1.00084484
375821978258,44.0,cpu_util_1,1.00084536
375821978988,52.0,cpu_util_2,1.00084609
375821979613,27.0,cpu_util_3,1.000846715
375821980081,28.0,cpu_util_4,1.000847183
375821980602,24.0,cpu_util_5,1.000847704
375821981175,0.0,cpu_util_6,1.000848277
375821981696,0.0,cpu_util_7,1.000848798
375821982217,26.150807738304138,gpu_util,1.000849319
376102238026,0.0,application_prediction_milliseconds,1.281105128
376102251828,0.0,stale_frames_per_second,1.28111893
376102253391,0.0,last_used_foveation_level,1.281120493
376102255526,0.0,application_layer_count,1.281122628
376102256880,0.0,app_vss_mb,1.281123982
376102258130,0.0,app_rss_mb,1.281125232
376102258963,0.0,app_uss_mb,1.281126065
376102259745,2523.318359375,app_gpu_ms,1.281126847
376122421830,0.0,application_prediction_milliseconds,1.301288932
376122428757,0.0,stale_frames_per_second,1.301295859
376122429590,0.0,last_used_foveation_level,1.301296692
376122430320,1.0,application_layer_count,1.301297422
376122431205,6661.0,app_vss_mb,1.301298307
376122432038,150.0,app_rss_mb,1.30129914
376122432507,2.0,app_uss_mb,1.301299609
376122433028,1.1661782264709473,app_gpu_ms,1.30130013
376820853618,24.514875411987305,application_prediction_milliseconds,1.99972072
376820861535,0.0,stale_frames_per_second,1.999728637
376820862733,0.0,last_used_foveation_level,1.999729835
376820863566,6.0,application_layer_count,1.999730668
376820864348,11638.0,app_vss_mb,1.99973145
376820865441,493.0,app_rss_mb,1.999732543
376820866014,81.0,app_uss_mb,1.999733116
376820866431,1.1348050832748413,app_gpu_ms,1.999733533
376820866952,72.0,display_refresh_rate,1.999734054
376820867629,3.0,cpu_level,1.999734731
376820868045,2.0,gpu_level,1.999735147
376820868566,1920.0,cpu_frequency_mhz,1.999735668
376820869191,545.0,gpu_frequency_mhz,1.999736293
376820869764,3196.0,mem_frequency_mhz,1.999736866
376820870181,2239.0,available_memory_mb,1.999737283
376820870858,2.3054358959198,timewarp_gpu_ms,1.99973796
376820871379,0.0,guardian_gpu_ms,1.999738481
376820871795,0.0,screen_tears_per_second,1.999738897
376820872212,57.0,cpu_util_0,1.999739314
376820872733,52.0,cpu_util_1,1.999739835
376820873254,61.0,cpu_util_2,1.999740356
376820873775,42.0,cpu_util_3,1.999740877
376820874139,42.0,cpu_util_4,1.999741241
376820874660,36.0,cpu_util_5,1.999741762
376820875181,0.0,cpu_util_6,1.999742283
376820875702,0.0,cpu_util_7,1.999742804
376820876223,26.105791330337524,gpu_util,1.999743325
377102143334,0.0,application_prediction_milliseconds,2.281010436
377102154376,0.0,stale_frames_per_second,2.281021478
377102155782,0.0,last_used_foveation_level,2.281022884
377102157865,0.0,application_layer_count,2.281024967
377102159167,0.0,app_vss_mb,2.281026269
377102160313,0.0,app_rss_mb,2.281027415
377102161198,0.0,app_uss_mb,2.2810283
377102162136,2523.318359375,app_gpu_ms,2.281029238
377122456201,0.0,application_prediction_milliseconds,2.301323303
377122464169,0.0,stale_frames_per_second,2.301331271
377122465471,0.0,last_used_foveation_level,2.301332573
377122466669,1.0,application_layer_count,2.301333771
377122467919,6661.0,app_vss_mb,2.301335021
377122469065,150.0,app_rss_mb,2.301336167
377122470055,2.0,app_uss_mb,2.301337157
377122470940,1.0987743139266968,app_gpu_ms,2.301338042
377842898720,24.041841506958008,application_prediction_milliseconds,3.021765822
377842905751,0.0,stale_frames_per_second,3.021772853
377842906897,0.0,last_used_foveation_level,3.021773999
377842907731,6.0,application_layer_count,3.021774833
377842908564,12197.0,app_vss_mb,3.021775666
377842909397,1136.0,app_rss_mb,3.021776499
377842909866,451.0,app_uss_mb,3.021776968
377842910283,1.098666787147522,app_gpu_ms,3.021777385
377842910699,72.0,display_refresh_rate,3.021777801
377842911376,3.0,cpu_level,3.021778478
377842911793,2.0,gpu_level,3.021778895
377842912262,1920.0,cpu_frequency_mhz,3.021779364
377842913043,545.0,gpu_frequency_mhz,3.021780145
377842913616,3196.0,mem_frequency_mhz,3.021780718
377842914033,2862.0,available_memory_mb,3.021781135
377842914710,2.296224355697632,timewarp_gpu_ms,3.021781812
377842915179,0.0,guardian_gpu_ms,3.021782281
377842915595,0.0,screen_tears_per_second,3.021782697
377842916012,47.0,cpu_util_0,3.021783114
377842916533,45.0,cpu_util_1,3.021783635
377842917054,50.0,cpu_util_2,3.021784156
377842917574,26.0,cpu_util_3,3.021784676
377842917991,23.0,cpu_util_4,3.021785093
377842918564,25.0,cpu_util_5,3.021785666
377842919033,0.0,cpu_util_6,3.021786135
377842919606,0.0,cpu_util_7,3.021786708
377842919970,26.03384554386139,gpu_util,3.021787072
378102373277,0.0,application_prediction_milliseconds,3.281240379
378102381767,0.0,stale_frames_per_second,3.281248869
378102383277,0.0,last_used_foveation_level,3.281250379
378102384996,0.0,application_layer_count,3.281252098
378102386194,0.0,app_vss_mb,3.281253296
378102387392,0.0,app_rss_mb,3.281254494
378102388225,0.0,app_uss_mb,3.281255327
378102389215,2523.318359375,app_gpu_ms,3.281256317
378122599373,0.0,application_prediction_milliseconds,3.301466475
378122607915,0.0,stale_frames_per_second,3.301475017
378122609061,0.0,last_used_foveation_level,3.301476163
378122610154,1.0,application_layer_count,3.301477256
378122611352,6661.0,app_vss_mb,3.301478454
378122612811,150.0,app_rss_mb,3.301479913
378122613644,2.0,app_uss_mb,3.301480746
378122614581,1.1655621528625488,app_gpu_ms,3.301481683
378822318922,23.70232582092285,application_prediction_milliseconds,4.001186024
378822327828,0.0,stale_frames_per_second,4.00119493
378822329130,0.0,last_used_foveation_level,4.001196232
378822330068,6.0,application_layer_count,4.00119717
378822330953,12197.0,app_vss_mb,4.001198055
378822331787,1136.0,app_rss_mb,4.001198889
378822332255,451.0,app_uss_mb,4.001199357
378822332672,1.1343293190002441,app_gpu_ms,4.001199774
378822333089,72.0,display_refresh_rate,4.001200191
378822333662,3.0,cpu_level,4.001200764
378822334130,2.0,gpu_level,4.001201232
378822334599,1920.0,cpu_frequency_mhz,4.001201701
378822335276,545.0,gpu_frequency_mhz,4.001202378
378822335849,3196.0,mem_frequency_mhz,4.001202951
378822336370,2862.0,available_memory_mb,4.001203472
378822337047,2.2883284091949463,timewarp_gpu_ms,4.001204149
378822337672,0.0,guardian_gpu_ms,4.001204774
378822338037,0.0,screen_tears_per_second,4.001205139
378822338505,48.0,cpu_util_0,4.001205607
378822339026,48.0,cpu_util_1,4.001206128
378822339599,52.0,cpu_util_2,4.001206701
378822340120,19.0,cpu_util_3,4.001207222
378822340484,22.0,cpu_util_4,4.001207586
378822341057,21.0,cpu_util_5,4.001208159
378822341630,0.0,cpu_util_6,4.001208732
378822342099,0.0,cpu_util_7,4.001209201
378822342568,25.985339283943176,gpu_util,4.00120967
379102504679,0.0,application_prediction_milliseconds,4.281371781
379102512856,0.0,stale_frames_per_second,4.281379958
379102514262,0.0,last_used_foveation_level,4.281381364
379102515825,0.0,application_layer_count,4.281382927
379102517023,0.0,app_vss_mb,4.281384125
379102518169,0.0,app_rss_mb,4.281385271
379102519054,0.0,app_uss_mb,4.281386156
379102519939,2523.318359375,app_gpu_ms,4.281387041
379122590566,0.0,application_prediction_milliseconds,4.301457668
379122598171,0.0,stale_frames_per_second,4.301465273
379122599525,0.0,last_used_foveation_level,4.301466627
379122600410,1.0,application_layer_count,4.301467512
379122601191,6661.0,app_vss_mb,4.301468293
379122602077,150.0,app_rss_mb,4.301469179
379122602546,2.0,app_uss_mb,4.301469648
379122603014,1.1856499910354614,app_gpu_ms,4.301470116
379821241886,23.470138549804688,application_prediction_milliseconds,5.000108988
379821250480,0.0,stale_frames_per_second,5.000117582
379821252094,0.0,last_used_foveation_level,5.000119196
379821253292,6.0,application_layer_count,5.000120394
379821254594,12197.0,app_vss_mb,5.000121696
379821255792,1136.0,app_rss_mb,5.000122894
379821256678,451.0,app_uss_mb,5.00012378
379821257563,1.1826151609420776,app_gpu_ms,5.000124665
379821258449,72.0,display_refresh_rate,5.000125551
379821259490,3.0,cpu_level,5.000126592
379821260219,2.0,gpu_level,5.000127321
379821260740,1920.0,cpu_frequency_mhz,5.000127842
379821261469,545.0,gpu_frequency_mhz,5.000128571
379821262042,3196.0,mem_frequency_mhz,5.000129144
379821262511,2862.0,available_memory_mb,5.000129613
379821263136,2.227224349975586,timewarp_gpu_ms,5.000130238
379821263761,0.0,guardian_gpu_ms,5.000130863
379821264178,0.0,screen_tears_per_second,5.00013128
379821264542,46.0,cpu_util_0,5.000131644
379821265115,46.0,cpu_util_1,5.000132217
379821265688,51.0,cpu_util_2,5.00013279
379821266157,26.0,cpu_util_3,5.000133259
379821266678,21.0,cpu_util_4,5.00013378
379821267199,21.0,cpu_util_5,5.000134301
379821267667,0.0,cpu_util_6,5.000134769
379821268240,0.0,cpu_util_7,5.000135342
379821268761,25.86027681827545,gpu_util,5.000135863
380101224101,0.0,application_prediction_milliseconds,5.280091203
380101233372,0.0,stale_frames_per_second,5.280100474
380101234518,0.0,last_used_foveation_level,5.28010162
380101235768,0.0,application_layer_count,5.28010287
380101236706,0.0,app_vss_mb,5.280103808
380101237435,0.0,app_rss_mb,5.280104537
380101237904,0.0,app_uss_mb,5.280105006
380101238320,2523.318359375,app_gpu_ms,5.280105422
380121458218,0.0,application_prediction_milliseconds,5.30032532
380121465666,0.0,stale_frames_per_second,5.300332768
380121467176,0.0,last_used_foveation_level,5.300334278
380121468218,1.0,application_layer_count,5.30033532
380121469468,6661.0,app_vss_mb,5.30033657
380121470562,150.0,app_rss_mb,5.300337664
380121471135,2.0,app_uss_mb,5.300338237
380121471656,1.3860775232315063,app_gpu_ms,5.300338758
380823907351,23.422344207763672,application_prediction_milliseconds,6.002774453
380823915007,0.0,stale_frames_per_second,6.002782109
380823916048,0.0,last_used_foveation_level,6.00278315
380823916830,6.0,application_layer_count,6.002783932
380823917767,12197.0,app_vss_mb,6.002784869
380823918548,1136.0,app_rss_mb,6.00278565
380823918913,451.0,app_uss_mb,6.002786015
380823919226,1.3462036848068237,app_gpu_ms,6.002786328
380823919590,72.0,display_refresh_rate,6.002786692
380823920163,3.0,cpu_level,6.002787265
380823920684,2.0,gpu_level,6.002787786
380823921048,1920.0,cpu_frequency_mhz,6.00278815
380823921621,545.0,gpu_frequency_mhz,6.002788723
380823922038,3196.0,mem_frequency_mhz,6.00278914
380823922351,2862.0,available_memory_mb,6.002789453
380823923028,2.285998582839966,timewarp_gpu_ms,6.00279013
380823923496,0.0,guardian_gpu_ms,6.002790598
380823923809,0.0,screen_tears_per_second,6.002790911
380823924121,50.0,cpu_util_0,6.002791223
380823924642,46.0,cpu_util_1,6.002791744
380823925111,50.0,cpu_util_2,6.002792213
380823925528,17.0,cpu_util_3,6.00279263
380823925840,18.0,cpu_util_4,6.002792942
380823926257,25.0,cpu_util_5,6.002793359
380823926673,0.0,cpu_util_6,6.002793775
380823927090,0.0,cpu_util_7,6.002794192
380823927507,27.152132987976074,gpu_util,6.002794609
381101247691,0.0,application_prediction_milliseconds,6.280114793
381101257639,0.0,stale_frames_per_second,6.280124741
381101258680,0.0,last_used_foveation_level,6.280125782
381101260139,0.0,application_layer_count,6.280127241
381101260868,0.0,app_vss_mb,6.28012797
381101261597,0.0,app_rss_mb,6.280128699
381101261961,0.0,app_uss_mb,6.280129063
381101262326,2523.318359375,app_gpu_ms,6.280129428
381133210663,0.0,application_prediction_milliseconds,6.312077765
381133240663,3.0,stale_frames_per_second,6.312107765
381133241965,0.0,last_used_foveation_level,6.312109067
381133243475,1.0,application_layer_count,6.312110577
381133244308,6661.0,app_vss_mb,6.31211141
381133245038,149.0,app_rss_mb,6.31211214
381133245402,2.0,app_uss_mb,6.312112504
381133245819,0.941598117351532,app_gpu_ms,6.312112921
381821471304,25.55611228942871,application_prediction_milliseconds,7.000338406
381821480158,12.0,stale_frames_per_second,7.00034726
381821481044,0.0,last_used_foveation_level,7.000348146
381821481773,4.0,application_layer_count,7.000348875
381821482710,12197.0,app_vss_mb,7.000349812
381821484585,1136.0,app_rss_mb,7.000351687
381821484950,451.0,app_uss_mb,7.000352052
381821488075,0.1608269214630127,app_gpu_ms,7.000355177
381821488492,90.0,display_refresh_rate,7.000355594
381821496148,4.0,cpu_level,7.00036325
381821496512,2.0,gpu_level,7.000363614
381821497606,1920.0,cpu_frequency_mhz,7.000364708
381821506617,545.0,gpu_frequency_mhz,7.000373719
381821506929,3196.0,mem_frequency_mhz,7.000374031
381821507242,2862.0,available_memory_mb,7.000374344
381821508127,3.3010895252227783,timewarp_gpu_ms,7.000375229
381821508856,0.0,guardian_gpu_ms,7.000375958
381821509221,1.0,screen_tears_per_second,7.000376323
381821509689,56.0,cpu_util_0,7.000376791
381821530002,53.0,cpu_util_1,7.000397104
381821530419,56.0,cpu_util_2,7.000397521
381821531044,27.0,cpu_util_3,7.000398146
381821531356,24.0,cpu_util_4,7.000398458
381821531825,31.0,cpu_util_5,7.000398927
381821532137,0.0,cpu_util_6,7.000399239
381821532606,0.0,cpu_util_7,7.000399708
381821533231,31.690391898155212,gpu_util,7.000400333
382102016384,0.0,application_prediction_milliseconds,7.280883486
382102024717,0.0,stale_frames_per_second,7.280891819
382102025655,0.0,last_used_foveation_level,7.280892757
382102026853,0.0,application_layer_count,7.280893955
382102027582,0.0,app_vss_mb,7.280894684
382102028259,0.0,app_rss_mb,7.280895361
382102028676,0.0,app_uss_mb,7.280895778
382102029040,2523.318359375,app_gpu_ms,7.280896142
382122969719,0.0,application_prediction_milliseconds,7.301836821
382123000084,1.0,stale_frames_per_second,7.301867186
382123001230,0.0,last_used_foveation_level,7.301868332
382123002532,1.0,application_layer_count,7.301869634
382123003574,6661.0,app_vss_mb,7.301870676
382123004719,149.0,app_rss_mb,7.301871821
382123005605,2.0,app_uss_mb,7.301872707
382123006282,0.5431597828865051,app_gpu_ms,7.301873384
382821395258,29.57624626159668,application_prediction_milliseconds,8.00026236
382821403070,0.0,stale_frames_per_second,8.000270172
382821404060,0.0,last_used_foveation_level,8.000271162
382821405206,1.0,application_layer_count,8.000272308
382821406352,12197.0,app_vss_mb,8.000273454
382821407445,1136.0,app_rss_mb,8.000274547
382821408174,451.0,app_uss_mb,8.000275276
382821408904,0.6260645389556885,app_gpu_ms,8.000276006
382821409581,90.0,display_refresh_rate,8.000276683
382821410414,4.0,cpu_level,8.000277516
382821411039,2.0,gpu_level,8.000278141
382821411820,1920.0,cpu_frequency_mhz,8.000278922
382821412602,545.0,gpu_frequency_mhz,8.000279704
382821413018,3196.0,mem_frequency_mhz,8.00028012
382821413331,2862.0,available_memory_mb,8.000280433
382821414060,3.294613838195801,timewarp_gpu_ms,8.000281162
382821414581,0.0,guardian_gpu_ms,8.000281683
382821414945,0.0,screen_tears_per_second,8.000282047
382821415258,83.0,cpu_util_0,8.00028236
382821415831,82.0,cpu_util_1,8.000282933
382821416299,82.0,cpu_util_2,8.000283401
382821416768,65.0,cpu_util_3,8.00028387
382821417081,90.0,cpu_util_4,8.000284183
382821417654,69.0,cpu_util_5,8.000284756
382821418174,0.0,cpu_util_6,8.000285276
382821418591,0.0,cpu_util_7,8.000285693
382821419164,34.90769863128662,gpu_util,8.000286266
383101542317,0.0,application_prediction_milliseconds,8.280409419
383101551484,0.0,stale_frames_per_second,8.280418586
383101552473,0.0,last_used_foveation_level,8.280419575
383101553671,0.0,application_layer_count,8.280420773
383101554400,0.0,app_vss_mb,8.280421502
383101555077,0.0,app_rss_mb,8.280422179
383101555390,0.0,app_uss_mb,8.280422492
383101555702,2523.318359375,app_gpu_ms,8.280422804
383122776277,0.0,application_prediction_milliseconds,8.301643379
383122787059,0.0,stale_frames_per_second,8.301654161
383122852267,0.0,last_used_foveation_level,8.301719369
383122856434,1.0,application_layer_count,8.301723536
383122858257,6661.0,app_vss_mb,8.301725359
383122859923,149.0,app_rss_mb,8.301727025
383122861486,2.0,app_uss_mb,8.301728588
383122862788,0.4101351499557495,app_gpu_ms,8.30172989
383822255358,26.815488815307617,application_prediction_milliseconds,9.00112246
383822263691,1.0,stale_frames_per_second,9.001130793
383822264733,0.0,last_used_foveation_level,9.001131835
383822265670,1.0,application_layer_count,9.001132772
383822266764,12197.0,app_vss_mb,9.001133866
383822267545,1136.0,app_rss_mb,9.001134647
383822267962,451.0,app_uss_mb,9.001135064
383822277285,0.4094356596469879,app_gpu_ms,9.001144387
383822279160,90.0,display_refresh_rate,9.001146262
383822279941,4.0,cpu_level,9.001147043
383822280410,2.0,gpu_level,9.001147512
383822280878,2361.0,cpu_frequency_mhz,9.00114798
383822281608,456.0,gpu_frequency_mhz,9.00114871
383822282285,3196.0,mem_frequency_mhz,9.001149387
383822282597,2862.0,available_memory_mb,9.001149699
383822283378,3.299147844314575,timewarp_gpu_ms,9.00115048
383822283899,0.0,guardian_gpu_ms,9.001151001
383822284212,0.0,screen_tears_per_second,9.001151314
383822284680,71.0,cpu_util_0,9.001151782
383822285149,69.0,cpu_util_1,9.001152251
383822285566,70.0,cpu_util_2,9.001152668
383822286087,55.0,cpu_util_3,9.001153189
383822286399,82.0,cpu_util_4,9.001153501
383822286816,54.0,cpu_util_5,9.001153918
383822287285,0.0,cpu_util_6,9.001154387
383822287649,0.0,cpu_util_7,9.001154751
383822288326,36.360353231430054,gpu_util,9.001155428
384101864240,0.0,application_prediction_milliseconds,9.280731342
384101871687,0.0,stale_frames_per_second,9.280738789
384101872729,0.0,last_used_foveation_level,9.280739831
384101874083,0.0,application_layer_count,9.280741185
384101874812,0.0,app_vss_mb,9.280741914
384101875594,0.0,app_rss_mb,9.280742696
384101875958,0.0,app_uss_mb,9.28074306
384101876271,2523.318359375,app_gpu_ms,9.280743373
384123562523,0.0,application_prediction_milliseconds,9.302429625
384123570023,0.0,stale_frames_per_second,9.302437125
384123571065,0.0,last_used_foveation_level,9.302438167
384123572158,1.0,application_layer_count,9.30243926
384123573148,6661.0,app_vss_mb,9.30244025
384123574033,149.0,app_rss_mb,9.302441135
384123574867,2.0,app_uss_mb,9.302441969
384123575596,0.4093133807182312,app_gpu_ms,9.302442698
384821836134,25.616613388061523,application_prediction_milliseconds,10.000703236
384821843165,0.0,stale_frames_per_second,10.000710267
384821844051,0.0,last_used_foveation_level,10.000711153
384821844832,1.0,application_layer_count,10.000711934
384821845613,12197.0,app_vss_mb,10.000712715
384821846551,1136.0,app_rss_mb,10.000713653
384821846968,451.0,app_uss_mb,10.00071407
384821847280,0.40865662693977356,app_gpu_ms,10.000714382
384821847697,90.0,display_refresh_rate,10.000714799
384821848374,3.0,cpu_level,10.000715476
384821848686,2.0,gpu_level,10.000715788
384821849103,2361.0,cpu_frequency_mhz,10.000716205
384821849988,456.0,gpu_frequency_mhz,10.00071709
384821850301,3196.0,mem_frequency_mhz,10.000717403
384821850718,2862.0,available_memory_mb,10.00071782
384821851343,3.3005001544952393,timewarp_gpu_ms,10.000718445
384821852176,0.0,guardian_gpu_ms,10.000719278
384821852540,0.0,screen_tears_per_second,10.000719642
384821852853,63.0,cpu_util_0,10.000719955
384821853374,54.0,cpu_util_1,10.000720476
384821854051,61.0,cpu_util_2,10.000721153
384821854468,37.0,cpu_util_3,10.00072157
384821854832,58.0,cpu_util_4,10.000721934
384821855249,59.0,cpu_util_5,10.000722351
384821855718,0.0,cpu_util_6,10.00072282
384821856134,0.0,cpu_util_7,10.000723236
384821856603,36.45918667316437,gpu_util,10.000723705
385102467829,0.0,application_prediction_milliseconds,10.281334931
385102476787,0.0,stale_frames_per_second,10.281343889
385102478089,0.0,last_used_foveation_level,10.281345191
385102479495,0.0,application_layer_count,10.281346597
385102480693,0.0,app_vss_mb,10.281347795
385102481370,0.0,app_rss_mb,10.281348472
385102481787,0.0,app_uss_mb,10.281348889
385102482100,2523.318359375,app_gpu_ms,10.281349202
385123436841,0.0,application_prediction_milliseconds,10.302303943
385123444914,0.0,stale_frames_per_second,10.302312016
385123446164,0.0,last_used_foveation_level,10.302313266
385123447258,1.0,application_layer_count,10.30231436
385123448404,6661.0,app_vss_mb,10.302315506
385123449445,149.0,app_rss_mb,10.302316547
385123450123,2.0,app_uss_mb,10.302317225
385123450904,0.32376593351364136,app_gpu_ms,10.302318006
385823125609,24.445222854614258,application_prediction_milliseconds,11.001992711
385823134776,0.0,stale_frames_per_second,11.002001878
385823136286,0.0,last_used_foveation_level,11.002003388
385823137171,1.0,application_layer_count,11.002004273
385823137744,12197.0,app_vss_mb,11.002004846
385823138734,1136.0,app_rss_mb,11.002005836
385823139151,451.0,app_uss_mb,11.002006253
385823139463,0.3243939280509949,app_gpu_ms,11.002006565
385823139880,90.0,display_refresh_rate,11.002006982
385823140505,2.0,cpu_level,11.002007607
385823140869,2.0,gpu_level,11.002007971
385823141338,2361.0,cpu_frequency_mhz,11.00200844
385823142328,456.0,gpu_frequency_mhz,11.00200943
385823142796,3196.0,mem_frequency_mhz,11.002009898
385823143109,2862.0,available_memory_mb,11.002010211
385823144099,3.2849318981170654,timewarp_gpu_ms,11.002011201
385823144619,0.0,guardian_gpu_ms,11.002011721
385823144984,0.0,screen_tears_per_second,11.002012086
385823145401,57.0,cpu_util_0,11.002012503
385823146026,55.0,cpu_util_1,11.002013128
385823146651,60.0,cpu_util_2,11.002013753
385823147119,40.0,cpu_util_3,11.002014221
385823147380,43.0,cpu_util_4,11.002014482
385823147849,74.0,cpu_util_5,11.002014951
385823148474,0.0,cpu_util_6,11.002015576
385823148942,0.0,cpu_util_7,11.002016044
385823149307,35.68597733974457,gpu_util,11.002016409
386103892251,0.0,application_prediction_milliseconds,11.282759353
386103899543,0.0,stale_frames_per_second,11.282766645
386103900845,0.0,last_used_foveation_level,11.282767947
386103902408,0.0,application_layer_count,11.28276951
386103903397,0.0,app_vss_mb,11.282770499
386103904231,0.0,app_rss_mb,11.282771333
386103904595,0.0,app_uss_mb,11.282771697
386103904960,2523.318359375,app_gpu_ms,11.282772062
386123848191,0.0,application_prediction_milliseconds,11.302715293
386123856628,0.0,stale_frames_per_second,11.30272373
386123858451,0.0,last_used_foveation_level,11.302725553
386123860014,1.0,application_layer_count,11.302727116
386123861628,6661.0,app_vss_mb,11.30272873
386123863243,149.0,app_rss_mb,11.302730345
386123864441,2.0,app_uss_mb,11.302731543
386123865691,0.028726045042276382,app_gpu_ms,11.302732793
386822918573,22.789703369140625,application_prediction_milliseconds,12.001785675
386822928834,0.0,stale_frames_per_second,12.001795936
386822930240,0.0,last_used_foveation_level,12.001797342
386822931021,1.0,application_layer_count,12.001798123
386822931802,12197.0,app_vss_mb,12.001798904
386822932531,1136.0,app_rss_mb,12.001799633
386822932896,451.0,app_uss_mb,12.001799998
386822933209,10.354421615600586,app_gpu_ms,12.001800311
386822933573,90.0,display_refresh_rate,12.001800675
386822934094,2.0,cpu_level,12.001801196
386822934459,2.0,gpu_level,12.001801561
386822958209,2361.0,cpu_frequency_mhz,12.001825311
386822959146,456.0,gpu_frequency_mhz,12.001826248
386822959667,3196.0,mem_frequency_mhz,12.001826769
386822960031,2862.0,available_memory_mb,12.001827133
386822960709,2.6178834438323975,timewarp_gpu_ms,12.001827811
386822961594,0.0,guardian_gpu_ms,12.001828696
386822961906,0.0,screen_tears_per_second,12.001829008
386822962219,65.0,cpu_util_0,12.001829321
386822962740,61.0,cpu_util_1,12.001829842
386822963261,66.0,cpu_util_2,12.001830363
386822963729,56.0,cpu_util_3,12.001830831
386822964302,45.0,cpu_util_4,12.001831404
386822964667,76.0,cpu_util_5,12.001831769
386822965188,0.0,cpu_util_6,12.00183229
386822965813,0.0,cpu_util_7,12.001832915
386822966386,32.179710268974304,gpu_util,12.001833488
387103574434,0.0,application_prediction_milliseconds,12.282441536
387103582247,0.0,stale_frames_per_second,12.282449349
387103583236,0.0,last_used_foveation_level,12.282450338
387103584382,0.0,application_layer_count,12.282451484
387103585059,0.0,app_vss_mb,12.282452161
387103585736,0.0,app_rss_mb,12.282452838
387103586153,0.0,app_uss_mb,12.282453255
387103586518,2523.318359375,app_gpu_ms,12.28245362
387123929228,0.0,application_prediction_milliseconds,12.30279633
387123936520,0.0,stale_frames_per_second,12.302803622
387123937405,0.0,last_used_foveation_level,12.302804507
387123938082,1.0,application_layer_count,12.302805184
387123938759,6661.0,app_vss_mb,12.302805861
387123939489,149.0,app_rss_mb,12.302806591
387123939853,2.0,app_uss_mb,12.302806955
387123940270,0.010226643644273281,app_gpu_ms,12.302807372
387822532319,7.562058448791504,application_prediction_milliseconds,13.001399421
387822543256,33.0,stale_frames_per_second,13.001410358
387822544714,0.0,last_used_foveation_level,13.001411816
387822545912,0.0,application_layer_count,13.001413014
387822546850,12197.0,app_vss_mb,13.001413952
387822547787,1136.0,app_rss_mb,13.001414889
387822548152,451.0,app_uss_mb,13.001415254
387822548516,1.9585777521133423,app_gpu_ms,13.001415618
388113644014,0.0,application_prediction_milliseconds,13.292511116
388113653545,0.0,stale_frames_per_second,13.292520647
388114170420,0.0,last_used_foveation_level,13.293037522
388114172556,0.0,application_layer_count,13.293039658
388114173702,0.0,app_vss_mb,13.293040804
388114174639,0.0,app_rss_mb,13.293041741
388114175316,0.0,app_uss_mb,13.293042418
388114176098,2523.318359375,app_gpu_ms,13.2930432
388123757140,0.0,application_prediction_milliseconds,13.302624242
388123787661,0.0,stale_frames_per_second,13.302654763
388123788963,0.0,last_used_foveation_level,13.302656065
388123789588,1.0,application_layer_count,13.30265669
388123790317,6661.0,app_vss_mb,13.302657419
388123790994,149.0,app_rss_mb,13.302658096
388123791359,2.0,app_uss_mb,13.302658461
388123791724,0.0,app_gpu_ms,13.302658826
388822533251,7.562058448791504,application_prediction_milliseconds,14.001400353
388822540908,33.0,stale_frames_per_second,14.00140801
388822541949,0.0,last_used_foveation_level,14.001409051
388822543304,0.0,application_layer_count,14.001410406
388822544033,12197.0,app_vss_mb,14.001411135
388822544814,1136.0,app_rss_mb,14.001411916
388822545179,451.0,app_uss_mb,14.001412281
388822545491,1.9585777521133423,app_gpu_ms,14.001412593
389103862342,0.0,application_prediction_milliseconds,14.282729444
389103870363,0.0,stale_frames_per_second,14.282737465
389103872030,0.0,last_used_foveation_level,14.282739132
389103874009,0.0,application_layer_count,14.282741111
389103875727,0.0,app_vss_mb,14.282742829
389103877290,0.0,app_rss_mb,14.282744392
389103878488,0.0,app_uss_mb,14.28274559
389103879530,2523.318359375,app_gpu_ms,14.282746632
389123972084,0.0,application_prediction_milliseconds,14.302839186
389123979948,0.0,stale_frames_per_second,14.30284705
389123981146,0.0,last_used_foveation_level,14.302848248
389123982032,1.0,application_layer_count,14.302849134
389123983125,6661.0,app_vss_mb,14.302850227
389123984115,149.0,app_rss_mb,14.302851217
389123984688,2.0,app_uss_mb,14.30285179
389123985313,0.0,app_gpu_ms,14.302852415
389822637153,7.562058448791504,application_prediction_milliseconds,15.001504255
389822645695,33.0,stale_frames_per_second,15.001512797
389822646737,0.0,last_used_foveation_level,15.001513839
389822647882,0.0,application_layer_count,15.001514984
389822648716,12197.0,app_vss_mb,15.001515818
389822649445,1136.0,app_rss_mb,15.001516547
389822649809,451.0,app_uss_mb,15.001516911
389822650278,1.9585777521133423,app_gpu_ms,15.00151738
390104155983,0.0,application_prediction_milliseconds,15.283023085
390104165671,0.0,stale_frames_per_second,15.283032773
390104167494,0.0,last_used_foveation_level,15.283034596
390104169525,0.0,application_layer_count,15.283036627
390104170879,0.0,app_vss_mb,15.283037981
390104171973,0.0,app_rss_mb,15.283039075
390104172650,0.0,app_uss_mb,15.283039752
390104173171,2523.318359375,app_gpu_ms,15.283040273
390124106350,0.0,application_prediction_milliseconds,15.302973452
390124114214,0.0,stale_frames_per_second,15.302981316
390124115933,0.0,last_used_foveation_level,15.302983035
390124117131,1.0,application_layer_count,15.302984233
390124118225,6661.0,app_vss_mb,15.302985327
390124119371,149.0,app_rss_mb,15.302986473
390124120048,2.0,app_uss_mb,15.30298715
390124120725,0.0,app_gpu_ms,15.302987827
390822719753,7.562058448791504,application_prediction_milliseconds,16.001586855
390822729649,33.0,stale_frames_per_second,16.001596751
390822730951,0.0,last_used_foveation_level,16.001598053
390822732305,0.0,application_layer_count,16.001599407
390822733347,12197.0,app_vss_mb,16.001600449
390822733919,1136.0,app_rss_mb,16.001601021
390822734284,451.0,app_uss_mb,16.001601386
390822734649,1.9585777521133423,app_gpu_ms,16.001601751
391103922593,0.0,application_prediction_milliseconds,16.282789695
391103929833,0.0,stale_frames_per_second,16.282796935
391103930927,0.0,last_used_foveation_level,16.282798029
391103931968,0.0,application_layer_count,16.28279907
391103932645,0.0,app_vss_mb,16.282799747
391103933270,0.0,app_rss_mb,16.282800372
391103933635,0.0,app_uss_mb,16.282800737
391103934000,2523.318359375,app_gpu_ms,16.282801102
391124137075,0.0,application_prediction_milliseconds,16.303004177
391124143793,0.0,stale_frames_per_second,16.303010895
391124144522,0.0,last_used_foveation_level,16.303011624
391124145147,1.0,application_layer_count,16.303012249
391124145877,6661.0,app_vss_mb,16.303012979
391124146502,149.0,app_rss_mb,16.303013604
391124146918,2.0,app_uss_mb,16.30301402
391124147335,0.0,app_gpu_ms,16.303014437
391821994436,7.562058448791504,application_prediction_milliseconds,17.000861538
391822002873,33.0,stale_frames_per_second,17.000869975
391822004227,0.0,last_used_foveation_level,17.000871329
391822005686,0.0,application_layer_count,17.000872788
391822006779,12197.0,app_vss_mb,17.000873881
391822007821,1136.0,app_rss_mb,17.000874923
391822008707,451.0,app_uss_mb,17.000875809
391822009384,1.9585777521133423,app_gpu_ms,17.000876486
392103223474,0.0,application_prediction_milliseconds,17.282090576
392103231495,0.0,stale_frames_per_second,17.282098597
392103233266,0.0,last_used_foveation_level,17.282100368
392103235401,0.0,application_layer_count,17.282102503
392103237068,0.0,app_vss_mb,17.28210417
392103238578,0.0,app_rss_mb,17.28210568
392103239464,0.0,app_uss_mb,17.282106566
392103240141,2523.318359375,app_gpu_ms,17.282107243
392123281601,0.0,application_prediction_milliseconds,17.302148703
392123290976,0.0,stale_frames_per_second,17.302158078
392123292851,0.0,last_used_foveation_level,17.302159953
392123294362,1.0,application_layer_count,17.302161464
392123333372,6661.0,app_vss_mb,17.302200474
392123335299,149.0,app_rss_mb,17.302202401
392123336497,2.0,app_uss_mb,17.302203599
392123337799,0.028626369312405586,app_gpu_ms,17.302204901
392821488962,7.562058448791504,application_prediction_milliseconds,18.000356064
392821496046,33.0,stale_frames_per_second,18.000363148
392821497348,0.0,last_used_foveation_level,18.00036445
392821498806,0.0,application_layer_count,18.000365908
392821499848,12197.0,app_vss_mb,18.00036695
392821500837,1136.0,app_rss_mb,18.000367939
392821501514,451.0,app_uss_mb,18.000368616
392821502296,1.9585777521133423,app_gpu_ms,18.000369398
393105161126,0.0,application_prediction_milliseconds,18.284028228
393105170136,0.0,stale_frames_per_second,18.284037238
393105171178,0.0,last_used_foveation_level,18.28403828
393105172480,0.0,application_layer_count,18.284039582
393105173314,0.0,app_vss_mb,18.284040416
393105174095,0.0,app_rss_mb,18.284041197
393105174564,0.0,app_uss_mb,18.284041666
393105174980,2523.318359375,app_gpu_ms,18.284042082
393116240658,0.0,application_prediction_milliseconds,18.29510776
393116434565,7.0,stale_frames_per_second,18.295301667
393116437065,0.0,last_used_foveation_level,18.295304167
393116439565,1.0,application_layer_count,18.295306667
393116441544,14029.0,app_vss_mb,18.295308646
393116443471,1171.0,app_rss_mb,18.295310573
393116444669,667.0,app_uss_mb,18.295311771
393116445815,81928.9296875,app_gpu_ms,18.295312917
393116447273,72.0,display_refresh_rate,18.295314375
393116449252,3.0,cpu_level,18.295316354
393116450763,2.0,gpu_level,18.295317865
393116452273,1920.0,cpu_frequency_mhz,18.295319375
393116454148,456.0,gpu_frequency_mhz,18.29532125
393116455346,3196.0,mem_frequency_mhz,18.295322448
393116456388,2174.0,available_memory_mb,18.29532349
393116457794,2.837048292160034,timewarp_gpu_ms,18.295324896
393116459044,0.0,guardian_gpu_ms,18.295326146
393116460450,1.0,screen_tears_per_second,18.295327552
393116462273,57.0,cpu_util_0,18.295329375
393116463627,58.0,cpu_util_1,18.295330729
393116465085,60.0,cpu_util_2,18.295332187
393116466388,48.0,cpu_util_3,18.29533349
393116467690,25.0,cpu_util_4,18.295334792
393116469096,35.0,cpu_util_5,18.295336198
393116470450,0.0,cpu_util_6,18.295337552
393116471804,0.0,cpu_util_7,18.295338906
393116473158,23.834604024887085,gpu_util,18.29534026
393123012013,0.0,application_prediction_milliseconds,18.301879115
393123021232,0.0,stale_frames_per_second,18.301888334
393123022222,0.0,last_used_foveation_level,18.301889324
393123022951,1.0,application_layer_count,18.301890053
393123023836,6661.0,app_vss_mb,18.301890938
393123024722,149.0,app_rss_mb,18.301891824
393123025086,2.0,app_uss_mb,18.301892188
393123025503,0.8051284551620483,app_gpu_ms,18.301892605
393821886562,7.562058448791504,application_prediction_milliseconds,19.000753664
393821896041,33.0,stale_frames_per_second,19.000763143
393821897239,0.0,last_used_foveation_level,19.000764341
393821898802,0.0,application_layer_count,19.000765904
393821899895,12197.0,app_vss_mb,19.000766997
393821901302,1136.0,app_rss_mb,19.000768404
393821901822,451.0,app_uss_mb,19.000768924
393821902291,1.9585777521133423,app_gpu_ms,19.000769393
394072353045,48.94501876831055,application_prediction_milliseconds,19.251220147
394072363202,87.0,stale_frames_per_second,19.251230304
394072364556,0.0,last_used_foveation_level,19.251231658
394072365702,2.0,application_layer_count,19.251232804
394072366691,14029.0,app_vss_mb,19.251233793
394072367577,1171.0,app_rss_mb,19.251234679
394072368149,667.0,app_uss_mb,19.251235251
394072368827,6.458879470825195,app_gpu_ms,19.251235929
394072369347,72.0,display_refresh_rate,19.251236449
394072370077,3.0,cpu_level,19.251237179
394072370545,2.0,gpu_level,19.251237647
394072371118,1920.0,cpu_frequency_mhz,19.25123822
394072371952,456.0,gpu_frequency_mhz,19.251239054
394072372629,3196.0,mem_frequency_mhz,19.251239731
394072373149,2174.0,available_memory_mb,19.251240251
394072374035,2.3254706859588623,timewarp_gpu_ms,19.251241137
394072374660,0.0,guardian_gpu_ms,19.251241762
394072375129,0.0,screen_tears_per_second,19.251242231
394072375597,68.0,cpu_util_0,19.251242699
394072376327,69.0,cpu_util_1,19.251243429
394072376952,65.0,cpu_util_2,19.251244054
394072377524,40.0,cpu_util_3,19.251244626
394072377993,39.0,cpu_util_4,19.251245095
394072378514,71.0,cpu_util_5,19.251245616
394072379191,0.0,cpu_util_6,19.251246293
394072379816,0.0,cpu_util_7,19.251246918
394072380337,54.22975420951843,gpu_util,19.251247439
394103991173,0.0,application_prediction_milliseconds,19.282858275
394103999611,0.0,stale_frames_per_second,19.282866713
394104001121,0.0,last_used_foveation_level,19.282868223
394104002840,0.0,application_layer_count,19.282869942
394104004298,0.0,app_vss_mb,19.2828714
394104005705,0.0,app_rss_mb,19.282872807
394104006746,0.0,app_uss_mb,19.282873848
394104007840,2523.318359375,app_gpu_ms,19.282874942
394123026123,0.0,application_prediction_milliseconds,19.301893225
394123032946,1.0,stale_frames_per_second,19.301900048
394123034457,0.0,last_used_foveation_level,19.301901559
394123035707,1.0,application_layer_count,19.301902809
394123036800,6661.0,app_vss_mb,19.301903902
394123037842,149.0,app_rss_mb,19.301904944
394123038571,2.0,app_uss_mb,19.301905673
394123039352,8.398238182067871,app_gpu_ms,19.301906454
394822110307,7.562058448791504,application_prediction_milliseconds,20.000977409
394822117703,33.0,stale_frames_per_second,20.000984805
394822119578,0.0,last_used_foveation_level,20.00098668
394822121453,0.0,application_layer_count,20.000988555
394822122807,12197.0,app_vss_mb,20.000989909
394822124214,1136.0,app_rss_mb,20.000991316
394822125307,451.0,app_uss_mb,20.000992409
394822126297,1.9585777521133423,app_gpu_ms,20.000993399
395072086687,47.92974853515625,application_prediction_milliseconds,20.250953789
395072096791,16.0,stale_frames_per_second,20.250963893
395072098145,0.0,last_used_foveation_level,20.250965247
395072099239,2.0,application_layer_count,20.250966341
395072100280,14029.0,app_vss_mb,20.250967382
395072101166,1171.0,app_rss_mb,20.250968268
395072101687,667.0,app_uss_mb,20.250968789
395072102207,8.662349700927734,app_gpu_ms,20.250969309
395072102780,72.0,display_refresh_rate,20.250969882
395072103614,3.0,cpu_level,20.250970716
395072104082,2.0,gpu_level,20.250971184
395072104655,1920.0,cpu_frequency_mhz,20.250971757
395072105541,456.0,gpu_frequency_mhz,20.250972643
395072106166,3196.0,mem_frequency_mhz,20.250973268
395072106634,2174.0,available_memory_mb,20.250973736
395072107468,2.1768977642059326,timewarp_gpu_ms,20.25097457
395072108093,0.0,guardian_gpu_ms,20.250975195
395072108509,0.0,screen_tears_per_second,20.250975611
395072109030,53.0,cpu_util_0,20.250976132
395072109707,52.0,cpu_util_1,20.250976809
395072110384,52.0,cpu_util_2,20.250977486
395072110957,40.0,cpu_util_3,20.250978059
395072111374,43.0,cpu_util_4,20.250978476
395072111999,45.0,cpu_util_5,20.250979101
395072112624,0.0,cpu_util_6,20.250979726
395072161791,0.0,cpu_util_7,20.251028893
395072162520,72.89124727249146,gpu_util,20.251029622
395104205492,0.0,application_prediction_milliseconds,20.283072594
395104213461,0.0,stale_frames_per_second,20.283080563
395104214867,0.0,last_used_foveation_level,20.283081969
395104216221,0.0,application_layer_count,20.283083323
395104217106,0.0,app_vss_mb,20.283084208
395104217888,0.0,app_rss_mb,20.28308499
395104218409,0.0,app_uss_mb,20.283085511
395104218825,2523.318359375,app_gpu_ms,20.283085927
395123071483,0.0,application_prediction_milliseconds,20.301938585
395123080754,0.0,stale_frames_per_second,20.301947856
395123082212,0.0,last_used_foveation_level,20.301949314
395123083410,1.0,application_layer_count,20.301950512
395123084712,6661.0,app_vss_mb,20.301951814
395123085806,149.0,app_rss_mb,20.301952908
395123086223,2.0,app_uss_mb,20.301953325
395123086640,8.639805793762207,app_gpu_ms,20.301953742
395822168220,7.562058448791504,application_prediction_milliseconds,21.001035322
395822179470,33.0,stale_frames_per_second,21.001046572
395822180980,0.0,last_used_foveation_level,21.001048082
395822182334,0.0,application_layer_count,21.001049436
395822183324,12197.0,app_vss_mb,21.001050426
395822184313,1136.0,app_rss_mb,21.001051415
395822184886,451.0,app_uss_mb,21.001051988
395822185407,1.9585777521133423,app_gpu_ms,21.001052509
396072135432,46.0299186706543,application_prediction_milliseconds,21.251002534
396072146682,0.0,stale_frames_per_second,21.251013784
396072148140,0.0,last_used_foveation_level,21.251015242
396072149495,2.0,application_layer_count,21.251016597
396072150588,14029.0,app_vss_mb,21.25101769
396072151942,1171.0,app_rss_mb,21.251019044
396072153036,667.0,app_uss_mb,21.251020138
396072153922,8.593658447265625,app_gpu_ms,21.251021024
396072154859,72.0,display_refresh_rate,21.251021961
396072156005,3.0,cpu_level,21.251023107
396072156786,2.0,gpu_level,21.251023888
396072157411,1920.0,cpu_frequency_mhz,21.251024513
396072158245,456.0,gpu_frequency_mhz,21.251025347
396072158870,3196.0,mem_frequency_mhz,21.251025972
396072159338,2174.0,available_memory_mb,21.25102644
396072160120,2.166508913040161,timewarp_gpu_ms,21.251027222
396072160797,0.0,guardian_gpu_ms,21.251027899
396072161317,0.0,screen_tears_per_second,21.251028419
396072161838,52.0,cpu_util_0,21.25102894
396072162515,55.0,cpu_util_1,21.251029617
396072163140,55.0,cpu_util_2,21.251030242
396072163765,36.0,cpu_util_3,21.251030867
396072164338,36.0,cpu_util_4,21.25103144
396072164859,34.0,cpu_util_5,21.251031961
396072165432,0.0,cpu_util_6,21.251032534
396072166109,0.0,cpu_util_7,21.251033211
396072166630,77.9906153678894,gpu_util,21.251033732
396104158664,0.0,application_prediction_milliseconds,21.283025766
396104167258,0.0,stale_frames_per_second,21.28303436
396104168612,0.0,last_used_foveation_level,21.283035714
396104169862,0.0,application_layer_count,21.283036964
396104170696,0.0,app_vss_mb,21.283037798
396104171581,0.0,app_rss_mb,21.283038683
396104172050,0.0,app_uss_mb,21.283039152
396104172571,2523.318359375,app_gpu_ms,21.283039673
396123191948,0.0,application_prediction_milliseconds,21.30205905
396123198927,0.0,stale_frames_per_second,21.302066029
396123200281,0.0,last_used_foveation_level,21.302067383
396123201427,1.0,application_layer_count,21.302068529
396123202677,6661.0,app_vss_mb,21.302069779
396123203823,149.0,app_rss_mb,21.302070925
396123204708,2.0,app_uss_mb,21.30207181
396123205698,8.588000297546387,app_gpu_ms,21.3020728
396822670767,7.562058448791504,application_prediction_milliseconds,22.001537869
396822683944,33.0,stale_frames_per_second,22.001551046
396822685611,0.0,last_used_foveation_level,22.001552713
396822687434,0.0,application_layer_count,22.001554536
396822688476,12197.0,app_vss_mb,22.001555578
396822689621,1136.0,app_rss_mb,22.001556723
396822690142,451.0,app_uss_mb,22.001557244
396822690611,1.9585777521133423,app_gpu_ms,22.001557713
397072298552,40.62694549560547,application_prediction_milliseconds,22.251165654
397072306886,0.0,stale_frames_per_second,22.251173988
397072308448,0.0,last_used_foveation_level,22.25117555
397072309386,2.0,application_layer_count,22.251176488
397072310271,14029.0,app_vss_mb,22.251177373
397072311105,1171.0,app_rss_mb,22.251178207
397072311573,667.0,app_uss_mb,22.251178675
397072311990,8.615833282470703,app_gpu_ms,22.251179092
397072312563,72.0,display_refresh_rate,22.251179665
397072313500,3.0,cpu_level,22.251180602
397072314021,2.0,gpu_level,22.251181123
397072314594,1920.0,cpu_frequency_mhz,22.251181696
397072315532,456.0,gpu_frequency_mhz,22.251182634
397072316105,3196.0,mem_frequency_mhz,22.251183207
397072316521,2174.0,available_memory_mb,22.251183623
397072317355,2.1720542907714844,timewarp_gpu_ms,22.251184457
397072318136,0.0,guardian_gpu_ms,22.251185238
397072318552,0.0,screen_tears_per_second,22.251185654
397072318969,48.0,cpu_util_0,22.251186071
397072319594,50.0,cpu_util_1,22.251186696
397072320219,48.0,cpu_util_2,22.251187321
397072320740,31.0,cpu_util_3,22.251187842
397072321157,23.0,cpu_util_4,22.251188259
397072321677,28.0,cpu_util_5,22.251188779
397072322302,0.0,cpu_util_6,22.251189404
397072322875,0.0,cpu_util_7,22.251189977
397072323396,80.08419871330261,gpu_util,22.251190498
397104543660,0.0,application_prediction_milliseconds,22.283410762
397104551160,0.0,stale_frames_per_second,22.283418262
397104552254,0.0,last_used_foveation_level,22.283419356
397104553504,0.0,application_layer_count,22.283420606
397104554389,0.0,app_vss_mb,22.283421491
397104555274,0.0,app_rss_mb,22.283422376
397104555743,0.0,app_uss_mb,22.283422845
397104556160,2523.318359375,app_gpu_ms,22.283423262
397123208401,0.0,application_prediction_milliseconds,22.302075503
397123216735,0.0,stale_frames_per_second,22.302083837
397123218089,0.0,last_used_foveation_level,22.302085191
397123218922,1.0,application_layer_count,22.302086024
397123219808,6661.0,app_vss_mb,22.30208691
397123220953,149.0,app_rss_mb,22.302088055
397123221526,2.0,app_uss_mb,22.302088628
397123222047,8.609973907470703,app_gpu_ms,22.302089149
397840024098,7.562058448791504,application_prediction_milliseconds,23.0188912
397840031441,33.0,stale_frames_per_second,23.018898543
397840032848,0.0,last_used_foveation_level,23.01889995
397840034306,0.0,application_layer_count,23.018901408
397840035452,12197.0,app_vss_mb,23.018902554
397840036546,1136.0,app_rss_mb,23.018903648
397840037379,451.0,app_uss_mb,23.018904481
397840038264,1.9585777521133423,app_gpu_ms,23.018905366
398073158340,39.73647689819336,application_prediction_milliseconds,23.252025442
398073169069,0.0,stale_frames_per_second,23.252036171
398073170631,0.0,last_used_foveation_level,23.252037733
398073171881,2.0,application_layer_count,23.252038983
398073173236,14029.0,app_vss_mb,23.252040338
398073174486,1171.0,app_rss_mb,23.252041588
398073175215,667.0,app_uss_mb,23.252042317
398073176100,8.59283447265625,app_gpu_ms,23.252043202
398073176777,72.0,display_refresh_rate,23.252043879
398073177767,3.0,cpu_level,23.252044869
398073178340,2.0,gpu_level,23.252045442
398073179069,1920.0,cpu_frequency_mhz,23.252046171
398073179954,456.0,gpu_frequency_mhz,23.252047056
398073180475,3196.0,mem_frequency_mhz,23.252047577
398073180892,2174.0,available_memory_mb,23.252047994
398073181621,2.171922206878662,timewarp_gpu_ms,23.252048723
398073182350,0.0,guardian_gpu_ms,23.252049452
398073182767,0.0,screen_tears_per_second,23.252049869
398073183183,51.0,cpu_util_0,23.252050285
398073183808,48.0,cpu_util_1,23.25205091
398073184225,52.0,cpu_util_2,23.252051327
398073184954,25.0,cpu_util_3,23.252052056
398073185319,25.0,cpu_util_4,23.252052421
398073185840,23.0,cpu_util_5,23.252052942
398073186204,0.0,cpu_util_6,23.252053306
398073186673,0.0,cpu_util_7,23.252053775
398073187298,80.97533583641052,gpu_util,23.2520544
398104774801,0.0,application_prediction_milliseconds,23.283641903
398104782457,0.0,stale_frames_per_second,23.283649559
398104783864,0.0,last_used_foveation_level,23.283650966
398104785322,0.0,application_layer_count,23.283652424
398104786207,0.0,app_vss_mb,23.283653309
398104786884,0.0,app_rss_mb,23.283653986
398104787353,0.0,app_uss_mb,23.283654455
398104787822,2523.318359375,app_gpu_ms,23.283654924
398123261157,0.0,application_prediction_milliseconds,23.302128259
398123270272,0.0,stale_frames_per_second,23.302137374
398123271626,0.0,last_used_foveation_level,23.302138728
398123272303,1.0,application_layer_count,23.302139405
398123273188,6661.0,app_vss_mb,23.30214029
398123274022,149.0,app_rss_mb,23.302141124
398123274491,2.0,app_uss_mb,23.302141593
398123275011,8.642526626586914,app_gpu_ms,23.302142113
398822339873,7.562058448791504,application_prediction_milliseconds,24.001206975
398822350341,33.0,stale_frames_per_second,24.001217443
398822351904,0.0,last_used_foveation_level,24.001219006
398822353571,0.0,application_layer_count,24.001220673
398822354716,12197.0,app_vss_mb,24.001221818
398822355810,1136.0,app_rss_mb,24.001222912
398822356383,451.0,app_uss_mb,24.001223485
398822357060,1.9585777521133423,app_gpu_ms,24.001224162
399072928335,38.876564025878906,application_prediction_milliseconds,24.251795437
399072939637,0.0,stale_frames_per_second,24.251806739
399072941408,0.0,last_used_foveation_level,24.25180851
399072942762,2.0,application_layer_count,24.251809864
399072944064,14029.0,app_vss_mb,24.251811166
399072945314,1171.0,app_rss_mb,24.251812416
399072945835,667.0,app_uss_mb,24.251812937
399072946356,8.601022720336914,app_gpu_ms,24.251813458
399072946929,72.0,display_refresh_rate,24.251814031
399072947762,3.0,cpu_level,24.251814864
399072948231,2.0,gpu_level,24.251815333
399072948908,1920.0,cpu_frequency_mhz,24.25181601
399072949846,456.0,gpu_frequency_mhz,24.251816948
399072950471,3196.0,mem_frequency_mhz,24.251817573
399072950991,2174.0,available_memory_mb,24.251818093
399072951877,2.175248384475708,timewarp_gpu_ms,24.251818979
399072952606,0.0,guardian_gpu_ms,24.251819708
399072953023,0.0,screen_tears_per_second,24.251820125
399072953648,50.0,cpu_util_0,24.25182075
399072954377,49.0,cpu_util_1,24.251821479
399072955210,50.0,cpu_util_2,24.251822312
399072956252,30.0,cpu_util_3,24.251823354
399072957033,21.0,cpu_util_4,24.251824135
399072957866,31.0,cpu_util_5,24.251824968
399072958804,0.0,cpu_util_6,24.251825906
399072959221,0.0,cpu_util_7,24.251826323
399072959793,81.20415806770325,gpu_util,24.251826895
399105538911,0.0,application_prediction_milliseconds,24.284406013
399105547401,0.0,stale_frames_per_second,24.284414503
399105548703,0.0,last_used_foveation_level,24.284415805
399105549953,0.0,application_layer_count,24.284417055
399105550682,0.0,app_vss_mb,24.284417784
399105551568,0.0,app_rss_mb,24.28441867
399105552088,0.0,app_uss_mb,24.28441919
399105552609,2523.318359375,app_gpu_ms,24.284419711
399123375476,0.0,application_prediction_milliseconds,24.302242578
399123385476,0.0,stale_frames_per_second,24.302252578
399123386986,0.0,last_used_foveation_level,24.302254088
399123388080,1.0,application_layer_count,24.302255182
399123389226,6661.0,app_vss_mb,24.302256328
399123390215,149.0,app_rss_mb,24.302257317
399123390788,2.0,app_uss_mb,24.30225789
399123391309,8.597232818603516,app_gpu_ms,24.302258411
399822564712,7.562058448791504,application_prediction_milliseconds,25.001431814
399822578149,33.0,stale_frames_per_second,25.001445251
399822579764,0.0,last_used_foveation_level,25.001446866
399822581587,0.0,application_layer_count,25.001448689
399822582837,12197.0,app_vss_mb,25.001449939
399822583774,1136.0,app_rss_mb,25.001450876
399822584295,451.0,app_uss_mb,25.001451397
399822584972,1.9585777521133423,app_gpu_ms,25.001452074
400072521247,38.190155029296875,application_prediction_milliseconds,25.251388349
400072533539,0.0,stale_frames_per_second,25.251400641
400072535726,0.0,last_used_foveation_level,25.251402828
400072537133,2.0,application_layer_count,25.251404235
400072538383,14029.0,app_vss_mb,25.251405485
400072539789,1171.0,app_rss_mb,25.251406891
400072540622,667.0,app_uss_mb,25.251407724
400072541456,8.579301834106445,app_gpu_ms,25.251408558
400072542289,72.0,display_refresh_rate,25.251409391
400072543539,3.0,cpu_level,25.251410641
400072544320,2.0,gpu_level,25.251411422
400072544893,1920.0,cpu_frequency_mhz,25.251411995
400072546143,456.0,gpu_frequency_mhz,25.251413245
400072546924,3196.0,mem_frequency_mhz,25.251414026
400072547393,2174.0,available_memory_mb,25.251414495
400072548487,2.174863576889038,timewarp_gpu_ms,25.251415589
400072549476,0.0,guardian_gpu_ms,25.251416578
400072586612,0.0,screen_tears_per_second,25.251453714
400072587549,54.0,cpu_util_0,25.251454651
400072588331,51.0,cpu_util_1,25.251455433
400072589112,51.0,cpu_util_2,25.251456214
400072589789,28.0,cpu_util_3,25.251456891
400072590831,25.0,cpu_util_4,25.251457933
400072591456,26.0,cpu_util_5,25.251458558
400072592653,0.0,cpu_util_6,25.251459755
400072593643,0.0,cpu_util_7,25.251460745
400072594476,81.17381930351257,gpu_util,25.251461578
400105978334,0.0,application_prediction_milliseconds,25.284845436
400105986303,0.0,stale_frames_per_second,25.284853405
400105987344,0.0,last_used_foveation_level,25.284854446
400105988594,0.0,application_layer_count,25.284855696
400105989428,0.0,app_vss_mb,25.28485653
400105990209,0.0,app_rss_mb,25.284857311
400105990626,0.0,app_uss_mb,25.284857728
400105991094,2523.318359375,app_gpu_ms,25.284858196
400123518752,0.0,application_prediction_milliseconds,25.302385854
400123527346,0.0,stale_frames_per_second,25.302394448
400123528804,0.0,last_used_foveation_level,25.302395906
400123530159,1.0,application_layer_count,25.302397261
400123531356,6661.0,app_vss_mb,25.302398458
400123532190,149.0,app_rss_mb,25.302399292
400123532763,2.0,app_uss_mb,25.302399865
400123533336,8.584104537963867,app_gpu_ms,25.302400438
400822357051,7.562058448791504,application_prediction_milliseconds,26.001224153
400822365541,33.0,stale_frames_per_second,26.001232643
400822366999,0.0,last_used_foveation_level,26.001234101
400822368509,0.0,application_layer_count,26.001235611
400822369707,12197.0,app_vss_mb,26.001236809
400822398197,1136.0,app_rss_mb,26.001265299
400822399030,451.0,app_uss_mb,26.001266132
400822399603,1.9585777521133423,app_gpu_ms,26.001266705
401072580878,37.641380310058594,application_prediction_milliseconds,26.25144798
401072593170,0.0,stale_frames_per_second,26.251460272
401072595045,0.0,last_used_foveation_level,26.251462147
401072595982,2.0,application_layer_count,26.251463084
401072597597,14029.0,app_vss_mb,26.251464699
401072599003,1171.0,app_rss_mb,26.251466105
401072599524,667.0,app_uss_mb,26.251466626
401072600253,8.60781478881836,app_gpu_ms,26.251467355
401072600774,72.0,display_refresh_rate,26.251467876
401072601607,3.0,cpu_level,26.251468709
401072602128,2.0,gpu_level,26.25146923
401072602701,1920.0,cpu_frequency_mhz,26.251469803
401072604003,456.0,gpu_frequency_mhz,26.251471105
401072604732,3196.0,mem_frequency_mhz,26.251471834
401072605253,2174.0,available_memory_mb,26.251472355
401072606555,2.174057722091675,timewarp_gpu_ms,26.251473657
401072607336,0.0,guardian_gpu_ms,26.251474438
401072607857,0.0,screen_tears_per_second,26.251474959
401072608326,52.0,cpu_util_0,26.251475428
401072609159,52.0,cpu_util_1,26.251476261
401072609993,51.0,cpu_util_2,26.251477095
401072610722,29.0,cpu_util_3,26.251477824
401072611243,26.0,cpu_util_4,26.251478345
401072611816,20.0,cpu_util_5,26.251478918
401072612388,0.0,cpu_util_6,26.25147949
401072613274,0.0,cpu_util_7,26.251480376
401072613795,81.17409348487854,gpu_util,26.251480897
401105680465,0.0,application_prediction_milliseconds,26.284547567
401105688069,0.0,stale_frames_per_second,26.284555171
401105689736,0.0,last_used_foveation_level,26.284556838
401105691090,0.0,application_layer_count,26.284558192
401105692236,0.0,app_vss_mb,26.284559338
401105693642,0.0,app_rss_mb,26.284560744
401105694631,0.0,app_uss_mb,26.284561733
401105695465,2523.318359375,app_gpu_ms,26.284562567
401132160311,0.0,application_prediction_milliseconds,26.311027413
401132166613,0.0,stale_frames_per_second,26.311033715
401132168072,0.0,last_used_foveation_level,26.311035174
401132169217,1.0,application_layer_count,26.311036319
401132170467,6661.0,app_vss_mb,26.311037569
401132171665,149.0,app_rss_mb,26.311038767
401132172186,2.0,app_uss_mb,26.311039288
401132172707,8.62005615234375,app_gpu_ms,26.311039809
401822436942,7.562058448791504,application_prediction_milliseconds,27.001304044
401822445797,33.0,stale_frames_per_second,27.001312899
401822447151,0.0,last_used_foveation_level,27.001314253
401822448661,0.0,application_layer_count,27.001315763
401822449755,12197.0,app_vss_mb,27.001316857
401822450640,1136.0,app_rss_mb,27.001317742
401822451265,451.0,app_uss_mb,27.001318367
401822451942,1.9585777521133423,app_gpu_ms,27.001319044
402072773321,36.98702621459961,application_prediction_milliseconds,27.251640423
402072792749,0.0,stale_frames_per_second,27.251659851
402072794155,0.0,last_used_foveation_level,27.251661257
402072795717,2.0,application_layer_count,27.251662819
402072797019,14029.0,app_vss_mb,27.251664121
402072798217,1171.0,app_rss_mb,27.251665319
402072798790,667.0,app_uss_mb,27.251665892
402072799311,8.578021049499512,app_gpu_ms,27.251666413
402072799832,72.0,display_refresh_rate,27.251666934
402072801134,3.0,cpu_level,27.251668236
402072801603,2.0,gpu_level,27.251668705
402072802176,1920.0,cpu_frequency_mhz,27.251669278
402072803061,456.0,gpu_frequency_mhz,27.251670163
402072803894,3196.0,mem_frequency_mhz,27.251670996
402072804363,2174.0,available_memory_mb,27.251671465
402072805769,2.171602725982666,timewarp_gpu_ms,27.251672871
402072806499,0.0,guardian_gpu_ms,27.251673601
402072807124,0.0,screen_tears_per_second,27.251674226
402072807592,58.0,cpu_util_0,27.251674694
402072808738,58.0,cpu_util_1,27.25167584
402072809676,59.0,cpu_util_2,27.251676778
402072810301,25.0,cpu_util_3,27.251677403
402072810821,24.0,cpu_util_4,27.251677923
402072811499,27.0,cpu_util_5,27.251678601
402072812124,0.0,cpu_util_6,27.251679226
402072813009,0.0,cpu_util_7,27.251680111
402072813790,81.12006783485413,gpu_util,27.251680892
402105674314,0.0,application_prediction_milliseconds,27.284541416
402105682179,0.0,stale_frames_per_second,27.284549281
402105683585,0.0,last_used_foveation_level,27.284550687
402105685096,0.0,application_layer_count,27.284552198
402105686293,0.0,app_vss_mb,27.284553395
402105687543,0.0,app_rss_mb,27.284554645
402105688429,0.0,app_uss_mb,27.284555531
402105689314,2523.318359375,app_gpu_ms,27.284556416
402123608170,0.0,application_prediction_milliseconds,27.302475272
402123617597,0.0,stale_frames_per_second,27.302484699
402123618952,0.0,last_used_foveation_level,27.302486054
402123619681,1.0,application_layer_count,27.302486783
402123620566,6661.0,app_vss_mb,27.302487668
402123621452,149.0,app_rss_mb,27.302488554
402123621920,2.0,app_uss_mb,27.302489022
402123622337,8.587777137756348,app_gpu_ms,27.302489439
402822603344,7.562058448791504,application_prediction_milliseconds,28.001470446
402822619229,33.0,stale_frames_per_second,28.001486331
402822620948,0.0,last_used_foveation_level,28.00148805
402822622719,0.0,application_layer_count,28.001489821
402822624386,12197.0,app_vss_mb,28.001491488
402822625479,1136.0,app_rss_mb,28.001492581
402822626052,451.0,app_uss_mb,28.001493154
402822626469,1.9585777521133423,app_gpu_ms,28.001493571
403073239984,36.709571838378906,application_prediction_milliseconds,28.252107086
403073252640,0.0,stale_frames_per_second,28.252119742
403073254202,0.0,last_used_foveation_level,28.252121304
403073255348,2.0,application_layer_count,28.25212245
403073256390,14029.0,app_vss_mb,28.252123492
403073257379,1171.0,app_rss_mb,28.252124481
403073257952,667.0,app_uss_mb,28.252125054
403073258525,8.577798843383789,app_gpu_ms,28.252125627
403073259098,72.0,display_refresh_rate,28.2521262
403073260140,3.0,cpu_level,28.252127242
403073260713,2.0,gpu_level,28.252127815
403073261286,1651.0,cpu_frequency_mhz,28.252128388
403073262171,456.0,gpu_frequency_mhz,28.252129273
403073262952,2092.0,mem_frequency_mhz,28.252130054
403073263421,2174.0,available_memory_mb,28.252130523
403073264359,2.1682627201080322,timewarp_gpu_ms,28.252131461
403073265088,0.0,guardian_gpu_ms,28.25213219
403073265557,0.0,screen_tears_per_second,28.252132659
403073266025,58.0,cpu_util_0,28.252133127
403073266754,56.0,cpu_util_1,28.252133856
403073267327,62.0,cpu_util_2,28.252134429
403073267952,23.0,cpu_util_3,28.252135054
403073268421,25.0,cpu_util_4,28.252135523
403073269098,31.0,cpu_util_5,28.2521362
403073269671,0.0,cpu_util_6,28.252136773
403073270244,0.0,cpu_util_7,28.252137346
403073270817,81.12815618515015,gpu_util,28.252137919
403105950716,0.0,application_prediction_milliseconds,28.284817818
403105958789,0.0,stale_frames_per_second,28.284825891
403105959779,0.0,last_used_foveation_level,28.284826881
403105961029,0.0,application_layer_count,28.284828131
403105961966,0.0,app_vss_mb,28.284829068
403105962539,0.0,app_rss_mb,28.284829641
403105962956,0.0,app_uss_mb,28.284830058
403105963268,2523.318359375,app_gpu_ms,28.28483037
403123758270,0.0,application_prediction_milliseconds,28.302625372
403123766239,0.0,stale_frames_per_second,28.302633341
403123767801,0.0,last_used_foveation_level,28.302634903
403123768895,1.0,application_layer_count,28.302635997
403123779155,6661.0,app_vss_mb,28.302646257
403123780249,149.0,app_rss_mb,28.302647351
403123780770,2.0,app_uss_mb,28.302647872
403123796707,8.620340347290039,app_gpu_ms,28.302663809
403822543079,7.562058448791504,application_prediction_milliseconds,29.001410181
403822558496,33.0,stale_frames_per_second,29.001425598
403822560267,0.0,last_used_foveation_level,29.001427369
403822561621,0.0,application_layer_count,29.001428723
403822562871,12197.0,app_vss_mb,29.001429973
403822563912,1136.0,app_rss_mb,29.001431014
403822564485,451.0,app_uss_mb,29.001431587
403822565162,1.9585777521133423,app_gpu_ms,29.001432264
404072617583,36.681541442871094,application_prediction_milliseconds,29.251484685
404072633781,0.0,stale_frames_per_second,29.251500883
404072635239,0.0,last_used_foveation_level,29.251502341
404072636229,2.0,application_layer_count,29.251503331
404072638052,14029.0,app_vss_mb,29.251505154
404072640083,1171.0,app_rss_mb,29.251507185
404072640656,667.0,app_uss_mb,29.251507758
404072641281,8.5833740234375,app_gpu_ms,29.251508383
404072641854,72.0,display_refresh_rate,29.251508956
404072642844,3.0,cpu_level,29.251509946
404072643625,2.0,gpu_level,29.251510727
404072644146,1651.0,cpu_frequency_mhz,29.251511248
404072646542,456.0,gpu_frequency_mhz,29.251513644
404072647271,2092.0,mem_frequency_mhz,29.251514373
404072647948,2174.0,available_memory_mb,29.25151505
404072649094,2.170651435852051,timewarp_gpu_ms,29.251516196
404072649823,0.0,guardian_gpu_ms,29.251516925
404072650292,0.0,screen_tears_per_second,29.251517394
404072650760,56.0,cpu_util_0,29.251517862
404072651437,57.0,cpu_util_1,29.251518539
404072652167,54.0,cpu_util_2,29.251519269
404072652792,27.0,cpu_util_3,29.251519894
404072653833,25.0,cpu_util_4,29.251520935
404072654614,25.0,cpu_util_5,29.251521716
404072655448,0.0,cpu_util_6,29.25152255
404072656542,0.0,cpu_util_7,29.251523644
404072657167,81.15949034690857,gpu_util,29.251524269
404105823993,0.0,application_prediction_milliseconds,29.284691095
404105831701,0.0,stale_frames_per_second,29.284698803
404105833264,0.0,last_used_foveation_level,29.284700366
404105835191,0.0,application_layer_count,29.284702293
404105836701,0.0,app_vss_mb,29.284703803
404105838003,0.0,app_rss_mb,29.284705105
404105838993,0.0,app_uss_mb,29.284706095
404105839982,2523.318359375,app_gpu_ms,29.284707084
404124017797,0.0,application_prediction_milliseconds,29.302884899
404124027692,0.0,stale_frames_per_second,29.302894794
404124028995,0.0,last_used_foveation_level,29.302896097
404124029984,1.0,application_layer_count,29.302897086
404124031182,6661.0,app_vss_mb,29.302898284
404124032276,149.0,app_rss_mb,29.302899378
404124032797,2.0,app_uss_mb,29.302899899
404124033422,8.565558433532715,app_gpu_ms,29.302900524
