Name; Median Time; Min Time; Max Time; Median Frame Index; Min Frame Index; Max Frame Index; Min Depth; Max Depth; Total Time; Mean Time; Time Lower Quartile; Time Upper Quartile; Count Total; Count Median; Count Min; Count Max; Number of frames containing Marker; First Frame Index; Time Min Individual; Time Max Individual; Min Individual Frame; Max Individual Frame; Time at Median Frame
"PlayerLoop";13.85334;13.02427;14.49224;1218;1132;1074;1;1;4155.2665014267;13.85089;13.62511;14.07755;300;1;1;1;300;1029;13.02427;14.49224;1132;1074;13.85365
"EarlyUpdate.XRUpdate";11.05464;10.22453;11.46646;1277;1075;1067;2;2;3306.37568664551;11.02125;10.88109;11.17068;300;1;1;1;300;1029;10.22453;11.46646;1075;1067;11.17068
"PostLateUpdate.FinishFrameRendering";1.376615;1.190156;1.792969;1307;1029;1074;2;2;413.902115345001;1.379674;1.313698;1.432084;300;1;1;1;300;1029;1.190156;1.792969;1029;1074;1.252813
"UnityEngine.CoreModule.dll!UnityEngine.Rendering::RenderPipelineManager.DoRenderLoop_Internal() [Invoke]";1.300365;1.120208;1.70625;1279;1029;1074;3;3;390.397919535637;1.301326;1.236979;1.352865;300;1;1;1;300;1029;1.120208;1.70625;1029;1074;1.181511
"Inl_UniversalRenderTotal";1.274948;1.095157;1.673386;1279;1029;1074;4;4;381.992125511169;1.273307;1.210677;1.325677;300;1;1;1;300;1029;1.095157;1.673386;1029;1074;1.153542
"Inl_RenderCameraStack";1.238855;1.06276;1.629739;1031;1029;1074;5;5;371.335083007813;1.237784;1.174427;1.287187;300;1;1;1;300;1029;1.06276;1.629739;1029;1074;1.121979
"Inl_UniversalRenderPipeline.RenderSingleCameraInternal: CenterEyeAnchor";0.827604;0.708229;1.021407;1154;1163;1303;6;6;249.84564268589;0.8328188;0.776875;0.883959;300;1;1;1;300;1029;0.708229;1.021407;1163;1303;0.761145
"Update.ScriptRunBehaviourUpdate";0.478125;0.408125;0.613542;1273;1246;1047;2;2;145.434654980898;0.4847822;0.458282;0.507813;300;1;1;1;300;1029;0.408125;0.613542;1246;1047;0.504896
"BehaviourUpdate";0.476928;0.407032;0.611875;1236;1246;1047;3;3;145.0225687325;0.4834086;0.456719;0.506354;300;1;1;1;300;1029;0.407032;0.611875;1246;1047;0.503438
"Inl_ExecuteRenderGraph";0.252084;0.216094;0.433334;1153;1325;1245;7;7;79.1130767762661;0.2637103;0.240209;0.27875;300;1;1;1;300;1029;0.216094;0.433334;1325;1245;0.228125
"PostLateUpdate.PlayerSendFrameStarted";0.247084;0.223021;0.400572;1128;1132;1172;2;2;76.6318766772747;0.2554396;0.237135;0.259636;300;1;1;1;300;1029;0.223021;0.400572;1132;1172;0.245781
"Inl_RecordRenderGraph";0.231979;0.194583;0.376302;1148;1272;1151;7;7;72.2072418630123;0.2406908;0.218437;0.254948;300;1;1;1;300;1029;0.194583;0.376302;1272;1151;0.235468
"Inl_On Record Render Graph";0.219427;0.182604;0.362917;1286;1163;1151;8;8;68.3675599098206;0.2278919;0.206823;0.241719;300;1;1;1;300;1029;0.182604;0.362917;1163;1151;0.222188
"Oculus.VR.dll!::OVRManager.Update() [Invoke]";0.211823;0.19526;0.308906;1293;1276;1266;4;4;65.7805217057467;0.2192684;0.205052;0.231302;300;1;1;1;300;1029;0.19526;0.308906;1276;1266;0.240886
"Inl_ScriptableRenderContext.Submit";0.205156;0.172292;0.330625;1277;1034;1258;6;6;63.7761587798595;0.2125872;0.192292;0.221094;300;1;1;1;300;1029;0.172292;0.330625;1034;1258;0.184896
"PostLateUpdate.ProfilerEndFrame";0.203021;0.135834;0.304479;1135;1079;1050;2;2;61.4915198534727;0.2049717;0.189687;0.216875;300;1;1;1;300;1029;0.135834;0.304479;1079;1050;0.196615
"Profiler.FlushCounters";0.201302;0.135;0.302813;1124;1079;1050;3;3;61.0089128911495;0.203363;0.188021;0.214948;300;1;1;1;300;1029;0.135;0.302813;1079;1050;0.195416
"FrameEvents.XRBeginFrame";0.199271;0.179375;0.32427;1305;1132;1172;3;3;62.0800558626652;0.2069335;0.192083;0.209375;300;1;1;1;300;1029;0.179375;0.32427;1132;1172;0.199166
"meta.xr.mrutilitykit.dll!Meta.XR.MRUtilityKit::MRUK.Update() [Invoke]";0.186354;0.145364;0.277032;1278;1246;1083;4;4;56.8626518398523;0.1895422;0.17552;0.199166;300;1;1;1;300;1029;0.145364;0.277032;1246;1083;0.180208
"Profiler.FlushMemoryCounters";0.162448;0.103177;0.23401;1041;1079;1083;4;4;49.2162649855018;0.1640542;0.152135;0.172864;300;1;1;1;300;1029;0.103177;0.23401;1079;1083;0.161562
"CullScriptable";0.128125;0.114062;0.215521;1294;1192;1297;7;7;39.81553696841;0.1327185;0.122553;0.138073;300;1;1;1;300;1029;0.114062;0.215521;1192;1297;0.116875
"ExecuteRenderGraph";0.105417;0.084635;0.235417;1198;1289;1031;7;7;33.4777098670602;0.1115924;0.099584;0.113073;300;1;1;1;300;1029;0.084635;0.235417;1289;1031;0.098073
"Gfx.WaitForRenderThread";0.087396;0.06823;0.185417;1288;1162;1034;4;4;27.1992339789867;0.09066411;0.083646;0.092448;300;1;1;1;300;1029;0.06823;0.185417;1162;1034;0.087031
"Semaphore.WaitForSignal";0.08625;0.066875;0.184167;1297;1162;1034;5;5;26.8451029285789;0.08948368;0.082448;0.09125;300;1;1;1;300;1029;0.066875;0.184167;1162;1034;0.085521
"Inl_Setup Forward Lights";0.079218;0.068073;0.205677;1034;1325;1181;8;8;25.6423308700323;0.08547444;0.075469;0.085989;300;1;1;1;300;1029;0.068073;0.205677;1325;1181;0.072656
"Inl_Setup Light Constants";0.077031;0.06625;0.203646;1227;1325;1181;9;9;24.9598419219255;0.08319947;0.073645;0.083021;300;1;1;1;300;1029;0.06625;0.203646;1325;1181;0.070886
"SceneCulling";0.065;0.056146;0.114636;1319;1171;1134;8;8;20.3630149289966;0.06787672;0.061719;0.070521;300;1;1;1;300;1029;0.056146;0.114636;1171;1134;0.057812
"PreUpdate.NewInputUpdate";0.054166;0.037084;0.110625;1239;1190;1107;2;2;17.4373539872468;0.05812451;0.049583;0.062916;300;1;1;1;300;1029;0.037084;0.110625;1190;1107;0.049115
"Inl_Forward+ Setup";0.04599;0.038438;0.145416;1089;1066;1151;9;9;15.6205699630082;0.05206857;0.042291;0.061146;300;1;1;1;300;1029;0.038438;0.145416;1066;1151;0.062032
"EndRenderQueueExtraction";0.043698;0.031093;0.126614;1159;1308;1038;8;9;14.0866789836437;0.0469556;0.040104;0.049791;600;2;2;2;300;1029;0.006094;0.106198;1045;1297;0.039427
"CullResults.CreateSharedRendererScene";0.040625;0.032448;0.12599;1276;1308;1297;8;8;12.8482949845493;0.04282765;0.03875;0.043021;300;1;1;1;300;1029;0.032448;0.12599;1308;1297;0.038541
"UnityEngine.InputModule.dll!UnityEngineInternal.Input::NativeInputSystem.NotifyBeforeUpdate() [Invoke]";0.034584;0.025364;0.071979;1302;1190;1112;3;4;10.8771849803161;0.03625728;0.032344;0.037135;600;2;2;2;300;1029;0.002708;0.067969;1081;1112;0.034376
"Shadows.PrepareDrawShadows";0.03375;0.025104;0.117031;1191;1277;1116;7;7;11.2804649779573;0.03760155;0.03026;0.039844;600;2;2;2;300;1029;0.007448;0.096875;1045;1116;0.029426
"Oculus.VR.dll!::OVRCameraRig.Update() [Invoke]";0.032396;0.027031;0.068281;1181;1072;1071;4;4;9.96603597514331;0.03322012;0.030937;0.034219;300;1;1;1;300;1029;0.027031;0.068281;1072;1071;0.036041
"WaitForJobGroupID";0.030104;0.005261;0.115209;1173;1261;1038;9;10;9.50650598586071;0.03168835;0.026042;0.034793;698;2;1;5;300;1029;0.000885;0.071042;1275;1038;0.024375
"UnityEngine.InputModule.dll!UnityEngineInternal.Input::NativeInputSystem.NotifyUpdate() [Invoke]";0.028542;0.023177;0.064271;1145;1190;1176;3;4;8.97373896930367;0.02991246;0.026875;0.030781;600;2;2;2;300;1029;0.008697;0.051823;1060;1176;0.026667
"Inl_UniversalRenderPipeline.CreateCameraData";0.028542;0.023386;0.076979;1173;1236;1082;6;6;8.9063119571656;0.02968771;0.026823;0.030782;300;1;1;1;300;1029;0.023386;0.076979;1236;1082;0.027708
"Draw Main Light Shadowmap";0.028437;0.017968;0.12474;1106;1307;1152;8;8;8.97255097702146;0.0299085;0.024844;0.032395;300;1;1;1;300;1029;0.017968;0.12474;1307;1152;0.025209
"MainLightShadow";0.02724;0.017032;0.121667;1227;1307;1152;9;9;8.59823497571051;0.02866078;0.02375;0.031094;300;1;1;1;300;1029;0.017032;0.121667;1307;1152;0.024011
"Inl_RenderPipeline.BeginCameraRendering";0.026614;0.021771;0.112864;1220;1102;1074;6;6;8.31373996473849;0.02771247;0.02526;0.028021;300;1;1;1;300;1029;0.021771;0.112864;1102;1074;0.025313
"FrameEvents.OnBeforeRenderCallback";0.025937;0.022656;0.069375;1083;1200;1106;3;3;8.06760397739708;0.02689201;0.024948;0.027188;300;1;1;1;300;1029;0.022656;0.069375;1200;1106;0.025209
"InputUpdate";0.02552;0.020938;0.059843;1101;1132;1176;4;5;8.02526697469875;0.02675089;0.023905;0.027657;600;2;2;2;300;1029;0.007604;0.048593;1259;1176;0.023698
"RenderLoop.ScheduleDraw";0.024739;0.015625;0.22547;1199;1210;1258;9;10;8.89413096418139;0.0296471;0.022397;0.031094;1500;5;5;5;300;1029;0.00026;0.112396;1167;1258;0.032709
"UnityEngine.CoreModule.dll!UnityEngine::Application.InvokeOnBeforeRender() [Invoke]";0.02448;0.021406;0.067917;1247;1200;1106;4;4;7.64936896972358;0.0254979;0.023593;0.02573;300;1;1;1;300;1029;0.021406;0.067917;1200;1106;0.024011
"Inl_Forward+ Upload";0.024167;0.02;0.093021;1308;1266;1326;10;10;7.84599198028445;0.02615331;0.022813;0.026406;300;1;1;1;300;1029;0.02;0.093021;1266;1326;0.0225
"Inl_Setup Camera Properties";0.023958;0.02078;0.155468;1046;1125;1245;8;8;7.66125199524686;0.02553751;0.022916;0.02526;600;2;2;2;300;1029;0.003385;0.134531;1289;1245;0.0225
"Inl_UniversalRenderPipeline.ComputeShadowCasterCullingInfos";0.023802;0.020885;0.082604;1290;1277;1141;7;7;7.56307197362185;0.02521024;0.022865;0.025105;300;1;1;1;300;1029;0.020885;0.082604;1277;1141;0.021614
"Shadows.ExecuteDrawShadows";0.023437;0.014115;0.116458;1155;1307;1152;10;10;7.45203898102045;0.02484013;0.020625;0.026979;300;1;1;1;300;1029;0.014115;0.116458;1307;1152;0.021146
"Inl_NRPRGComp_ExecuteBeginRenderpassCommand";0.023177;0.01875;0.071926;1151;1289;1167;8;8;7.2735959882848;0.02424532;0.022135;0.024427;600;2;2;2;300;1029;0.003438;0.064948;1289;1227;0.020834
"Inl_UniversalRenderPipeline.CreateRenderingData";0.022552;0.019219;0.072708;1250;1163;1267;7;7;7.01203898899257;0.02337346;0.021302;0.024114;300;1;1;1;300;1029;0.019219;0.072708;1163;1267;0.023021
"PostLateUpdate.UpdateResolution";0.021459;0.017761;0.059584;1197;1077;1051;2;2;6.75401700474322;0.02251339;0.020625;0.022604;300;1;1;1;300;1029;0.017761;0.059584;1077;1051;0.020677
"EndGraphicsJobs";0.021353;0.01375;0.060572;1118;1318;1280;3;4;6.642603007258;0.02214201;0.020259;0.022969;1200;4;4;4;300;1029;5.2E-05;0.060104;1030;1280;0.020782
"PreLateUpdate.EndGraphicsJobsAfterScriptUpdate";0.02125;0.013698;0.060468;1033;1318;1280;2;2;6.61343801021576;0.02204479;0.020156;0.022916;300;1;1;1;300;1029;0.013698;0.060468;1318;1280;0.020729
"Setup Camera Properties";0.019635;0.01677;0.105312;1132;1037;1031;8;8;6.47505397023633;0.02158351;0.018698;0.021043;600;2;2;2;300;1029;0.00349;0.069219;1289;1062;0.01849
"PostLateUpdate.UpdateAudio";0.019531;0.011771;0.081302;1050;1109;1074;2;2;6.17452198732644;0.02058174;0.018021;0.021563;300;1;1;1;300;1029;0.011771;0.081302;1109;1074;0.020572
"Inl_Initialize Frame";0.019427;0.016354;0.105312;1215;1163;1241;8;8;6.28728798218071;0.02095763;0.018489;0.020469;300;1;1;1;300;1029;0.016354;0.105312;1163;1241;0.020833
"Gfx.EndAsyncJobFrame";0.019375;0.011823;0.058177;1134;1318;1280;4;4;6.0411509918049;0.02013717;0.018333;0.021042;300;1;1;1;300;1029;0.011823;0.058177;1318;1280;0.01875
"FrameEvents.NewInputBeforeRenderUpdate";0.019062;0.015833;0.061719;1312;1163;1077;3;3;5.93801898509264;0.0197934;0.017916;0.020573;300;1;1;1;300;1029;0.015833;0.061719;1163;1077;0.019844
"WaitForRenderJobs";0.018802;0.011303;0.057292;1163;1318;1280;5;5;5.84688397496939;0.01948961;0.017761;0.020469;300;1;1;1;300;1029;0.011303;0.057292;1318;1280;0.017969
"CullAllVisibleLights";0.018021;0.015782;0.045208;1267;1128;1242;9;9;5.79219698533416;0.01930732;0.017032;0.019948;300;1;1;1;300;1029;0.015782;0.045208;1128;1242;0.018177
"Profiler.FlushCountersWithFlushOnEndOfFrame";0.017292;0.012708;0.093281;1245;1279;1050;4;4;5.8747319933027;0.01958244;0.014948;0.021771;300;1;1;1;300;1029;0.012708;0.093281;1279;1050;0.018489
"Inl_Draw Main Light Shadowmap";0.017083;0.013698;0.093855;1048;1289;1170;8;8;5.65848197788;0.01886161;0.016355;0.018281;300;1;1;1;300;1029;0.013698;0.093855;1289;1170;0.015416
"Inl_ScriptableRenderer.SetPerCameraShaderVariables";0.016875;0.014583;0.076251;1272;1156;1302;9;9;5.30589298647828;0.01768631;0.016094;0.017915;600;2;2;2;300;1029;0.002031;0.05724;1289;1302;0.016145
"AudioManager.Update";0.016719;0.009947;0.074844;1147;1109;1328;3;3;5.22343799751252;0.01741146;0.015313;0.018594;300;1;1;1;300;1029;0.009947;0.074844;1109;1328;0.017396
"EngineJob";0.01625;0.004584;0.042499;1196;1072;1189;10;12;3.59353099639702;0.01752942;0.014844;0.01849;303;1;1;12;205;1030;0.000208;0.040573;1074;1213;0
"PreLateUpdate.ScriptRunBehaviourLateUpdate";0.016042;0.013282;0.044584;1286;1324;1049;2;2;4.93563698232174;0.01645212;0.015261;0.016979;300;1;1;1;300;1029;0.013282;0.044584;1324;1049;0.016875
"PrepareSceneNodes";0.015677;0.00974;0.065834;1189;1066;1134;9;9;5.17547399923205;0.01725158;0.014584;0.017187;300;1;1;1;300;1029;0.00974;0.065834;1066;1134;0.014844
"Inl_UniversalRenderPipeline.InitializeStackedCameraData";0.015469;0.011406;0.063021;1063;1325;1082;7;7;4.95527298096567;0.01651758;0.014479;0.017291;300;1;1;1;300;1029;0.011406;0.063021;1325;1082;0.015938
"LateBehaviourUpdate";0.015469;0.012656;0.024271;1064;1324;1197;3;3;4.70671899244189;0.01568906;0.01474;0.016354;300;1;1;1;300;1029;0.012656;0.024271;1324;1197;0.01625
"Inl_CompileRenderGraph";0.015417;0.012135;0.088646;1241;1185;1229;7;7;5.05722597055137;0.01685742;0.014636;0.016719;300;1;1;1;300;1029;0.012135;0.088646;1185;1229;0.015677
"Profiler.CollectLegacyStats";0.015365;0.012187;0.074843;1043;1176;1192;4;4;5.25713098980486;0.01752377;0.014167;0.017396;300;1;1;1;300;1029;0.012187;0.074843;1176;1192;0.01349
"EarlyUpdate.PhysicsResetInterpolatedTransformPosition";0.014688;0.000104;0.093646;1291;1064;1246;2;2;3.58118497920805;0.01193728;0.000156;0.01625;300;1;1;1;300;1029;0.000104;0.093646;1064;1246;0.017292
"Inl_ScriptableRenderer.ClearRenderingState";0.014427;0.011979;0.099896;1124;1090;1241;9;9;4.69953300245106;0.01566511;0.013646;0.015261;300;1;1;1;300;1029;0.011979;0.099896;1090;1241;0.01599
"FixedUpdate.ScriptRunBehaviourFixedUpdate";0.014323;0.010833;0.044531;1214;1066;1119;2;2;3.19931898452342;0.01530775;0.013281;0.015989;209;1;1;1;209;1029;0.010833;0.044531;1066;1119;0.013073
"Shadows.ScheduleRenderJobs";0.014271;0.008698;0.108125;1285;1034;1152;11;11;4.65870098955929;0.015529;0.011823;0.017344;300;1;1;1;300;1029;0.008698;0.108125;1034;1152;0.013802
"ExecuteRenderQueueJob";0.014062;0.006719;0.038646;1322;1079;1189;11;12;3.09744799882174;0.01518357;0.012761;0.016042;212;1;1;2;204;1030;0.005625;0.038646;1130;1189;0
"Inl_MainLightShadow";0.013385;0.010938;0.087032;1279;1289;1170;9;9;4.43599998112768;0.01478667;0.012865;0.014375;300;1;1;1;300;1029;0.010938;0.087032;1289;1170;0.012083
"FixedBehaviourUpdate";0.013125;0.009844;0.043073;1256;1066;1119;3;3;2.93453798629344;0.01404085;0.012031;0.014635;209;1;1;1;209;1029;0.009844;0.043073;1066;1119;0.012083
"Inl_NRPRGComp_ExecuteCreateResources";0.013124;0.010103;0.06198;1088;1325;1215;8;8;4.14254097833327;0.01380847;0.012396;0.013909;3300;11;11;11;300;1029;5.2E-05;0.057708;1029;1215;0.011821
"DrawTransparentObjects";0.013021;0.008542;0.115;1186;1210;1258;8;8;4.67104699742049;0.01557016;0.011875;0.017187;300;1;1;1;300;1029;0.008542;0.115;1210;1258;0.017032
"Unity.RenderPipelines.Core.Runtime.dll!UnityEngine.Rendering::DebugUpdater.Update() [Invoke]";0.012969;0.009011;0.02099;1228;1246;1057;4;4;3.97459199186414;0.01324864;0.012032;0.014375;300;1;1;1;300;1029;0.009011;0.02099;1246;1057;0.015469
"CoroutinesDelayedCalls";0.012969;0.010522;0.16526;1243;1216;1125;3;4;5.0493929742006;0.01683131;0.012085;0.013907;1409;5;4;5;300;1029;0.000104;0.162552;1036;1125;0.012031
"PostLateUpdate.UpdateCustomRenderTextures";0.012865;0.010833;0.033229;1207;1191;1273;2;2;3.97745599225163;0.01325819;0.012291;0.013594;300;1;1;1;300;1029;0.010833;0.033229;1191;1273;0.012813
"Inl_NRPRGComp_ExecuteDestroyResources";0.012814;0.00844;0.083646;1231;1163;1087;8;8;4.11737698224533;0.01372459;0.012187;0.013541;3300;11;11;11;300;1029;5.2E-05;0.081406;1031;1087;0.011197
"FixedUpdate.PhysicsFixedUpdate";0.012552;0.010469;0.044219;1325;1142;1222;2;2;2.78724599257112;0.01333611;0.011771;0.013698;209;1;1;1;209;1029;0.010469;0.044219;1142;1222;0.013802
"Profiler.CollectPhysicsStats";0.0125;0.008646;0.090573;1117;1066;1246;3;3;2.8817689884454;0.01378837;0.011667;0.01375;209;1;1;1;209;1029;0.008646;0.090573;1066;1246;0.013906
"Inl_UniversalRenderPipeline.InitializeAdditionalCameraData";0.01224;0.010365;0.037969;1299;1058;1034;6;6;3.79271499253809;0.01264238;0.011563;0.013177;300;1;1;1;300;1029;0.010365;0.037969;1058;1034;0.012709
"Setup Forward Lights";0.011875;0.009792;0.056511;1079;1029;1254;8;8;3.87389898486435;0.012913;0.01125;0.012708;300;1;1;1;300;1029;0.009792;0.056511;1029;1254;0.010625
"BeginRenderQueueExtraction";0.011719;0.010104;0.057136;1178;1113;1260;8;9;3.69105498190038;0.01230352;0.011094;0.012343;600;2;2;2;300;1029;0.003541;0.052865;1109;1260;0.010469
"FixedUpdate.NewInputFixedUpdate";0.011614;0.008854;0.103334;1115;1325;1302;2;2;2.62801400199533;0.01257423;0.010729;0.012604;209;1;1;1;209;1029;0.008854;0.103334;1325;1302;0.009948
"CustomRenderTextures.Update";0.011198;0.009427;0.030886;1231;1191;1278;3;3;3.44666798785329;0.01148889;0.010678;0.011823;300;1;1;1;300;1029;0.009427;0.030886;1191;1278;0.011041
"Audio.FMODSystemUpdate";0.011041;0.005885;0.069063;1128;1109;1328;4;4;3.44536398816854;0.01148455;0.009844;0.012291;300;1;1;1;300;1029;0.005885;0.069063;1109;1328;0.011719
"Oculus.VR.dll!::OVRManager.LateUpdate() [Invoke]";0.010885;0.009114;0.019219;1235;1324;1197;4;4;3.34912198781967;0.01116374;0.010469;0.011666;300;1;1;1;300;1029;0.009114;0.019219;1324;1197;0.011771
"PlayerConnection.Poll";0.010625;0.008126;0.288437;1031;1273;1293;3;4;4.28068798221648;0.01426896;0.010052;0.011146;600;2;2;2;300;1029;0.003907;0.144479;1273;1293;0.011979
"Inl_ComputeHashRenderGraph";0.010625;0.008698;0.047344;1063;1236;1109;7;7;3.35047299508005;0.01116824;0.010156;0.011302;300;1;1;1;300;1029;0.008698;0.047344;1236;1109;0.01099
"Update.ScriptRunDelayedDynamicFrameRate";0.010521;0.008385;0.16323;1140;1216;1125;2;2;4.28130498062819;0.01427102;0.009687;0.011354;300;1;1;1;300;1029;0.008385;0.16323;1216;1125;0.010052
"Inl_UniversalRenderPipeline.CreateShadowData";0.009896;0.008125;0.01974;1262;1119;1035;8;8;3.05505498964339;0.01018352;0.009323;0.010677;300;1;1;1;300;1029;0.008125;0.01974;1119;1035;0.010052
"Initialization.XREarlyUpdate";0.009791;0.00724;0.065625;1080;1165;1302;2;2;3.15245099179447;0.01050817;0.00901;0.010729;300;1;1;1;300;1029;0.00724;0.065625;1165;1302;0.010156
"Physics.PrepareSimulationStage";0.00948;0.007812;0.04;1154;1142;1222;3;3;2.1227580010891;0.01015674;0.008855;0.010468;209;1;1;1;209;1029;0.007812;0.04;1142;1222;0.010782
"UnityEngine.CoreModule.dll!UnityEngine.Experimental.Rendering::ScriptableRuntimeReflectionSystemWrapper.Internal_ScriptableRuntimeReflectionSystemWrapper_TickRealtimeProbes() [Invoke]";0.009323;0.004479;0.048959;1078;1107;1159;3;3;2.9363579954952;0.00978786;0.008854;0.010052;300;1;1;1;300;1029;0.004479;0.048959;1107;1159;0.008906
"Inl_UpdateVolumeFramework";0.009271;0.006927;0.034323;1164;1277;1303;6;6;2.95614698762074;0.009853823;0.008698;0.010416;300;1;1;1;300;1029;0.006927;0.034323;1277;1303;0.009114
"TimeUpdate.WaitForLastPresentationAndUpdateTime";0.008906;0.007708;0.042083;1034;1164;1277;2;2;2.84604199323803;0.009486807;0.008542;0.009375;300;1;1;1;300;1029;0.007708;0.042083;1164;1277;0.008959
"Physics.SyncTransforms";0.00875;0.007136;0.039115;1203;1142;1222;4;4;1.95666999183595;0.009362058;0.008125;0.009687;209;1;1;1;209;1029;0.007136;0.039115;1142;1222;0.009948
"CullShadowCastersScriptable";0.008542;0.007396;0.031667;1043;1222;1159;7;7;2.70175898773596;0.009005863;0.008229;0.008959;300;1;1;1;300;1029;0.007396;0.031667;1222;1159;0.008698
"Inl_UniversalRenderPipeline.SetupPerFrameShaderConstants";0.00849;0.006355;0.02849;1256;1306;1310;5;5;2.66708599450067;0.008890287;0.007813;0.009532;300;1;1;1;300;1029;0.006355;0.02849;1306;1310;0.008541
"Inl_UniversalRenderPipeline.SetupPerCameraShaderConstants";0.008333;0.006406;0.015573;1200;1236;1323;7;7;2.59855099115521;0.008661836;0.007864;0.009115;300;1;1;1;300;1029;0.006406;0.015573;1236;1323;0.007864
"UpdateReflectionProbeAtlas";0.007812;0.006354;0.036979;1292;1029;1196;9;9;2.57238699821755;0.008574624;0.00724;0.008437;300;1;1;1;300;1029;0.006354;0.036979;1029;1196;0.006875
"UIEvents.IMGUIRenderOverlays";0.007709;0.005938;0.059583;1281;1029;1171;3;3;2.47655998729169;0.0082552;0.007344;0.008177;300;1;1;1;300;1029;0.005938;0.059583;1029;1171;0.007083
"PrepareSceneCullingParameters";0.007552;0.006511;0.013803;1222;1073;1323;8;8;2.33348098956048;0.00777827;0.007188;0.008177;300;1;1;1;300;1029;0.006511;0.013803;1073;1323;0.007344
"CullSendEvents";0.007448;0.005105;0.02625;1113;1321;1049;9;9;2.86827999167144;0.009560933;0.006146;0.012188;300;1;1;1;300;1029;0.005105;0.02625;1321;1049;0.005781
"afterCullingOutputReady.Invoke";0.007447;0.006094;0.031198;1243;1140;1319;8;10;2.42332799360156;0.00807776;0.006979;0.008177;600;2;2;2;300;1029;0.002083;0.026406;1190;1319;0.00724
"Update.ScriptRunDelayedTasks";0.007396;0.004948;0.023333;1152;1066;1318;2;2;2.29166599642485;0.007638887;0.006823;0.008333;300;1;1;1;300;1029;0.004948;0.023333;1066;1318;0.007136
"ReflectionProbes.Update";0.00724;0.002604;0.046406;1076;1107;1159;4;4;2.29139699856751;0.00763799;0.006875;0.007812;300;1;1;1;300;1029;0.002604;0.046406;1107;1159;0.007031
"ScheduleShadowSplitMasksComputation";0.007187;0.00599;0.030261;1043;1222;1159;8;8;2.28745499160141;0.00762485;0.006927;0.007552;300;1;1;1;300;1029;0.00599;0.030261;1222;1159;0.0075
"Inl_DrawOpaqueObjects";0.007135;0.005886;0.040469;1071;1125;1050;8;8;2.28367898985744;0.007612263;0.006823;0.007553;300;1;1;1;300;1029;0.005886;0.040469;1125;1050;0.0075
"Profiler.CollectAudioStats";0.007135;0.005885;0.06448;1173;1085;1192;5;5;2.49972899863496;0.00833243;0.006667;0.007865001;600;2;2;2;300;1029;0.002031;0.061303;1077;1192;0.006666
"UnityEngine.InputModule.dll!UnityEngineInternal.Input::NativeInputSystem.ShouldRunUpdate() [Invoke]";0.006927;0.005312;0.037031;1043;1084;1249;3;4;2.20207499296521;0.00734025;0.006457;0.007708;809;3;2;3;300;1029;0.00026;0.034948;1065;1249;0.006511
"GUI.Repaint";0.006615;0.005157;0.058385;1075;1029;1171;4;4;2.1403579916805;0.007134527;0.00625;0.007031;300;1;1;1;300;1029;0.005157;0.058385;1029;1171;0.005885
"UnityEngine.CoreModule.dll!UnityEngine::UnitySynchronizationContext.ExecuteTasks() [Invoke]";0.006615;0.004219;0.022552;1223;1066;1318;3;3;2.05515499971807;0.006850517;0.006094;0.007396;300;1;1;1;300;1029;0.004219;0.022552;1066;1318;0.006511
"Inl_UniversalRenderPipeline.CreateLightData";0.00625;0.004844;0.055729;1302;1155;1267;8;8;2.02639199234545;0.00675464;0.005781;0.006875;300;1;1;1;300;1029;0.004844;0.055729;1155;1267;0.006979
"Shadows.CullDirectionalShadowCasters";0.006198;0.005208;0.025261;1223;1133;1045;10;10;2.05714999139309;0.006857167;0.005834;0.006927;300;1;1;1;300;1029;0.005208;0.025261;1133;1045;0.006615
"PostLateUpdate.PlayerUpdateCanvases";0.006094;0.004792;0.028854;1201;1296;1118;2;2;1.92828099289909;0.006427603;0.00573;0.006719;300;1;1;1;300;1029;0.004792;0.028854;1296;1118;0.005938
"CompileRenderGraph";0.006094;0.003021;0.045417;1219;1289;1071;7;7;1.92733999248594;0.006424467;0.005625;0.006614;300;1;1;1;300;1029;0.003021;0.045417;1289;1071;0.006198
"Inl_UpdateReflectionProbeAtlas";0.006042;0.004948;0.049896;1166;1248;1217;10;10;2.0578069887124;0.006859357;0.005729;0.006511;300;1;1;1;300;1029;0.004948;0.049896;1248;1217;0.005729
"FixedUpdate.Physics2DFixedUpdate";0.006042;0.004688;0.033646;1167;1125;1226;2;2;1.38714399375021;0.006637053;0.005573;0.006823;209;1;1;1;209;1029;0.004688;0.033646;1125;1226;0.005833
"VolumeManager.Update";0.006041;0.003542;0.031198;1165;1029;1303;7;7;1.92401499673724;0.006413383;0.005625;0.00677;300;1;1;1;300;1029;0.003542;0.031198;1029;1303;0.00599
"EarlyUpdate.PollPlayerConnection";0.005937;0.004688;0.145052;1169;1273;1293;2;2;2.32880498794839;0.007762683;0.005625;0.006198;300;1;1;1;300;1029;0.004688;0.145052;1273;1293;0.006562
"Oculus.VR.dll!::OVRSystemPerfMetricsTcpServer.Update() [Invoke]";0.005469;0.003906;0.009635;1069;1103;1045;4;4;1.67474299576133;0.005582477;0.005052;0.006042;300;1;1;1;300;1029;0.003906;0.009635;1103;1045;0.006615
"RenderLoop.CleanupNodeQueue";0.005469;0.001302;0.05052;1145;1229;1149;4;8;1.86017399585398;0.00620058;0.005052;0.006458;1594;5;4;7;300;1029;0.000156;0.047083;1289;1149;0.005468
"PostLateUpdate.MemoryFrameMaintenance";0.005469;0.004323;0.051458;1233;1029;1163;2;2;1.79875099565834;0.005995837;0.005157;0.005989;300;1;1;1;300;1029;0.004323;0.051458;1029;1163;0.004896
"Inl_DrawTransparentObjects";0.005156;0.004062;0.046459;1176;1289;1067;8;8;1.70599499158561;0.00568665;0.004948;0.005417;300;1;1;1;300;1029;0.004062;0.046459;1289;1067;0.004948
"Audibility computation";0.005052;0.001719;0.026145;1158;1109;1292;5;5;1.52416599262506;0.005080553;0.00427;0.005625;300;1;1;1;300;1029;0.001719;0.026145;1109;1292;0.005521
"Inl_Setup Main Shadowmap";0.004739;0.003542;0.026667;1307;1272;1162;9;9;1.46629699296318;0.004887657;0.004375;0.005105;300;1;1;1;300;1029;0.003542;0.026667;1272;1162;0.004688
"PostLateUpdate.EnlightenRuntimeUpdate";0.004636;0.00375;0.040052;1243;1078;1206;2;2;1.52735599502921;0.005091187;0.004271;0.005208;300;1;1;1;300;1029;0.00375;0.040052;1078;1206;0.004219
"PostLateUpdate.UpdateAllRenderers";0.004635;0.003646;0.023698;1156;1090;1196;2;2;1.46171799488366;0.004872393;0.004323;0.005105;300;1;1;1;300;1029;0.003646;0.023698;1090;1196;0.004011
"InputSystem.onBeforeUpdate";0.004323;0.002813;0.00651;1114;1190;1237;4;5;1.32353999459883;0.0044118;0.003907;0.004792;600;2;2;2;300;1029;0.000833;0.005365;1261;1237;0.003907
"EarlyUpdate.UpdatePreloading";0.004219;0.00276;0.037136;1143;1237;1314;2;2;1.31913799536414;0.004397127;0.004011;0.00448;300;1;1;1;300;1029;0.00276;0.037136;1237;1314;0.004427
"UIEvents.WillRenderCanvases";0.004166;0.003177;0.026771;1253;1296;1118;3;3;1.29437599517405;0.004314587;0.003906;0.004531;300;1;1;1;300;1029;0.003177;0.026771;1296;1118;0.004011
"Loading.UpdatePreloading";0.00401;0.002604;0.036875;1050;1237;1314;3;3;1.24197799619287;0.004139927;0.003802;0.004219;300;1;1;1;300;1029;0.002604;0.036875;1237;1314;0.004167
"PreUpdate.InputForUIUpdate";0.00401;0.00276;0.031407;1311;1029;1121;2;2;1.3439609950874;0.00447987;0.003594;0.004479;300;1;1;1;300;1029;0.00276;0.031407;1029;1121;0.003541
"Inl_ScriptableRenderer.SetupCullingParameters";0.003906;0.003333;0.026146;1098;1121;1327;7;7;1.2359779975377;0.004119927;0.003698;0.004271;300;1;1;1;300;1029;0.003333;0.026146;1121;1327;0.003646
"Shadows.ExtractShaderPassContext";0.003855;0.003125;0.028281;1101;1163;1317;12;12;1.26442699530162;0.004214757;0.003594;0.004218;300;1;1;1;300;1029;0.003125;0.028281;1163;1317;0.003386
"Inl_UniversalRenderPipeline.GetMainLightIndex";0.00375;0.002656;0.029896;1050;1272;1105;9;9;1.20764499739744;0.004025484;0.003438;0.004166;300;1;1;1;300;1029;0.002656;0.029896;1272;1105;0.004323
"DestroyCullResults";0.00375;0.003125;0.032604;1178;1098;1264;3;3;1.41527299559675;0.004717577;0.003542;0.004323;300;1;1;1;300;1029;0.003125;0.032604;1098;1264;0.003698
"EarlyUpdate.ScriptRunDelayedStartupFrame";0.00375;0.002292;0.065209;1303;1325;1090;2;2;1.29062299360521;0.004302077;0.003386;0.004375;300;1;1;1;300;1029;0.002292;0.065209;1325;1090;0.003542
"GeneralConnection.Poll";0.003646;0.002708;0.006771;1184;1273;1307;5;5;1.10588499624282;0.003686283;0.003437;0.003906;300;1;1;1;300;1029;0.002708;0.006771;1273;1307;0.004167
"UGUI.Rendering.UpdateBatches";0.003541;0.002708;0.026146;1249;1072;1118;4;4;1.10203199856915;0.00367344;0.003281;0.003855;300;1;1;1;300;1029;0.002708;0.026146;1072;1118;0.003334
"CullSceneDynamicObjects";0.00349;0.00349;0.003698;1102;1102;1074;11;11;0.00718800001777709;0.003594;0.00349;0.00349;2;1;1;1;2;1074;0.00349;0.003698;1102;1074;0
"Inl_LightCookies";0.00349;0.002761;0.057187;1202;1235;1074;10;10;1.21145399427041;0.00403818;0.003281;0.003802;300;1;1;1;300;1029;0.002761;0.057187;1235;1074;0.003073
"Inl_Set Motion Vector Global Matrices";0.003489;0.002917;0.043698;1061;1163;1109;8;8;1.13645799970254;0.003788193;0.003282;0.00375;300;1;1;1;300;1029;0.002917;0.043698;1163;1109;0.003594
"FixedUpdate.AudioFixedUpdate";0.003438;0.002552;0.034896;1206;1325;1223;2;2;0.846353001892567;0.004049536;0.003177;0.003959;209;1;1;1;209;1029;0.002552;0.034896;1325;1223;0.003437
"TransformChangeSystem";0.003331;0.00177;0.004634;1289;1260;1131;3;9;0.930603994915145;0.003102013;0.002501;0.003543;2336;9;5;9;300;1029;5.2E-05;0.002604;1071;1131;0.003332
"PostLateUpdate.PresentAfterDraw";0.003282;0.002604;0.050885;1120;1193;1190;2;2;1.36370499408804;0.004545684;0.003073;0.003541;300;1;1;1;300;1029;0.002604;0.050885;1193;1190;0.002604
"meta.xr.mrutilitykit.dll!Meta.XR.MRUtilityKit::MRUK.TrackerCoroutine() [Coroutine: MoveNext] [Invoke]";0.003229;0.00224;0.155625;1296;1102;1125;4;4;2.00629998883232;0.006687667;0.00302;0.003646;300;1;1;1;300;1029;0.00224;0.155625;1102;1125;0.003177
"PreUpdate.AIUpdate";0.003229;0.002031;0.034167;1300;1029;1165;2;2;1.04984399629757;0.00349948;0.002969;0.003802;300;1;1;1;300;1029;0.002031;0.034167;1029;1165;0.003229
"UpdatePreloading";0.003178;0.002083;0.036041;1060;1165;1314;4;4;1.00911899702623;0.00336373;0.003021;0.003385;300;1;1;1;300;1029;0.002083;0.036041;1165;1314;0.003333
"Physics2D.Simulate";0.003177;0.002135;0.030625;1117;1236;1226;3;3;0.736569998553023;0.003524258;0.002916;0.003593;209;1;1;1;209;1029;0.002135;0.030625;1236;1226;0.003021
"Inl_Begin XR Rendering";0.003177;0.002448;0.027552;1167;1246;1051;8;8;1.02901499555446;0.00343005;0.002969;0.00349;300;1;1;1;300;1029;0.002448;0.027552;1246;1051;0.003073
"PreUpdate.WindUpdate";0.003177;0.002031;0.032709;1277;1272;1224;2;2;1.01958499429747;0.003398617;0.002917;0.003594;300;1;1;1;300;1029;0.002031;0.032709;1272;1224;0.003593
"PostLateUpdate.PlayerSendFrameComplete";0.003177;0.002396;0.018073;1322;1140;1159;2;2;1.01938299858011;0.003397943;0.002969;0.00349;300;1;1;1;300;1029;0.002396;0.018073;1140;1159;0.003386
"PreLateUpdate.Physics2DLateUpdate";0.002968;0.001666;0.004948;1230;1029;1316;2;2;0.897187996190041;0.002990627;0.002708;0.003281;300;1;1;1;300;1029;0.001666;0.004948;1029;1316;0.00375
"EarlyUpdate.PlayerCleanupCachedData";0.002917;0.002084;0.023386;1147;1103;1277;2;2;0.912292996188626;0.003040977;0.002812;0.003073;300;1;1;1;300;1029;0.002084;0.023386;1103;1277;0.003125
"PlayerEndOfFrame";0.002917;0.00224;0.01776;1245;1140;1159;3;3;0.943069997709244;0.003143567;0.002708;0.003229;300;1;1;1;300;1029;0.00224;0.01776;1140;1159;0.003073
"ReflectionProbeAnchorManagerUpdate";0.002864;0.002395;0.003959;1232;1304;1203;8;10;0.870195994066307;0.002900653;0.002708;0.003072;900;3;3;3;300;1029;0.000261;0.002448;1091;1203;0.002604
"Inl_End XR Rendering";0.002813;0.002396;0.064635;1182;1260;1218;8;8;0.96817599912174;0.003227253;0.002708;0.002969;300;1;1;1;300;1029;0.002396;0.064635;1260;1218;0.002605
"Cleanup Unused Cached Data";0.002812;0.001927;0.023281;1106;1103;1277;3;3;0.872653999365866;0.002908847;0.002657;0.002969;300;1;1;1;300;1029;0.001927;0.023281;1103;1277;0.002969
"Initialization.DirectorSampleTime";0.002812;0.002032;0.049427;1130;1138;1304;2;2;0.970107998000458;0.003233693;0.002604;0.003021;300;1;1;1;300;1029;0.002032;0.049427;1138;1304;0.00276
"Oculus.VR.dll!::OVRManager.FixedUpdate() [Invoke]";0.002812;0.002135;0.004479;1212;1171;1062;4;4;0.619731998769566;0.002965225;0.002552;0.003385;209;1;1;1;209;1029;0.002135;0.004479;1171;1062;0.002813
"UnityEngine.InputForUIModule.dll!UnityEngine.InputForUI::EventProvider.NotifyUpdate() [Invoke]";0.002709;0.001719;0.030105;1277;1029;1219;3;3;0.939055999508128;0.003130187;0.0025;0.003125;300;1;1;1;300;1029;0.001719;0.030105;1029;1219;0.002448
"SpeedTreeWindManager.Update";0.002708;0.001615;0.005886;1299;1272;1179;3;3;0.848388998419978;0.002827963;0.0025;0.003073;300;1;1;1;300;1029;0.001615;0.005886;1272;1179;0.003229
"Application.Integrate Assets in Background";0.002604;0.001771;0.035573;1164;1165;1314;5;5;0.827137999469414;0.002757127;0.002448;0.00276;300;1;1;1;300;1029;0.001771;0.035573;1165;1314;0.0025
"PlayerCleanupCachedData";0.002604;0.001823;0.023073;1299;1103;1277;4;4;0.817863003001548;0.00272621;0.0025;0.002761;300;1;1;1;300;1029;0.001823;0.023073;1103;1277;0.002813
"Graphics.PresentAndSync";0.002552;0.001979;0.048907;1134;1193;1051;3;3;1.07630200101994;0.003587673;0.002396;0.002812;300;1;1;1;300;1029;0.001979;0.048907;1193;1051;0.001979
"FindActiveLights";0.0025;0.001875;0.00599;1034;1068;1215;10;10;0.774174997583032;0.002580583;0.00224;0.00276;300;1;1;1;300;1029;0.001875;0.00599;1068;1215;0.002135
"Profiler.SerializeStats";0.0025;0.002084;0.026562;1138;1176;1257;5;5;0.793640997027978;0.00264547;0.002344;0.002708;300;1;1;1;300;1029;0.002084;0.026562;1176;1257;0.002604
"PostLateUpdate.PlayerEmitCanvasGeometry";0.002447;0.001979;0.050417;1106;1126;1298;2;2;0.86048299795948;0.002868277;0.00224;0.00276;300;1;1;1;300;1029;0.001979;0.050417;1126;1298;0.00224
"Director.SampleTime";0.002396;0.001719;0.048959;1269;1138;1304;3;3;0.849992994801141;0.00283331;0.00224;0.002656;300;1;1;1;300;1029;0.001719;0.048959;1138;1304;0.002448
"FixedUpdate.DirectorFixedUpdate";0.002292;0.001666;0.004063;1217;1255;1095;2;2;0.493809999665245;0.002362727;0.002083;0.002604;209;1;1;1;209;1029;0.001666;0.004063;1255;1095;0.002448
"DrawOpaqueObjects";0.002292;0.00177;0.044792;1227;1166;1187;8;8;0.829897999996319;0.002766327;0.002188;0.0025;300;1;1;1;300;1029;0.00177;0.044792;1166;1187;0.00198
"Oculus.VR.dll!::OVRPassthroughLayer.Update() [Invoke]";0.00224;0.001719;0.022552;1220;1230;1035;4;4;0.726826999685727;0.002422757;0.002083;0.002448;300;1;1;1;300;1029;0.001719;0.022552;1230;1035;0.002916
"Physics.RunSimulationStage";0.002188;0.001718;0.003854;1128;1253;1131;3;3;0.480296001303941;0.002298067;0.002031;0.002448;209;1;1;1;209;1029;0.001718;0.003854;1253;1131;0.001979
"UnityEngine.IMGUIModule.dll!UnityEngine::Event.Internal_MakeMasterEventCurrent() [Invoke]";0.002188;0.001719;0.00349;1237;1049;1046;5;5;0.67431499902159;0.002247717;0.002032;0.002396;300;1;1;1;300;1029;0.001719;0.00349;1049;1046;0.002031
"InputProcess";0.002136;0.00125;0.026146;1132;1079;1282;2;2;0.675046000342263;0.002250153;0.00198;0.002292;600;2;2;2;300;1029;5.2E-05;0.025938;1254;1282;0.002188
"Device.Present";0.002135;0.001562;0.026875;1199;1056;1135;4;4;0.903329994529486;0.0030111;0.001979;0.002344;300;1;1;1;300;1029;0.001562;0.026875;1056;1135;0.001719
"PostLateUpdate.XRPostLateUpdate";0.002084;0.001197;0.021093;1144;1125;1142;2;2;0.67395099834539;0.002246503;0.001927;0.002395;300;1;1;1;300;1029;0.001197;0.021093;1125;1142;0.001927
"Inl_Setup Debug Properties";0.002083;0.001458;0.053281;1136;1119;1328;8;8;0.742958998540416;0.00247653;0.001927;0.002239;300;1;1;1;300;1029;0.001458;0.053281;1119;1328;0.001875
"Physics.CalculateChangedColliderTransforms";0.002083;0.001302;0.004323;1157;1262;1131;5;5;0.451204000390135;0.002158871;0.001875;0.002396;209;1;1;1;209;1029;0.001302;0.004323;1262;1131;0.002605
"Physics2D.CollectProfileInfo";0.002032;0.000885;0.003646;1047;1277;1316;3;3;0.62556199869141;0.002085207;0.001875;0.002292;300;1;1;1;300;1029;0.000885;0.003646;1277;1316;0.0025
"Initialize Frame";0.002031;0.001719;0.036511;1037;1121;1086;8;8;0.706720998045057;0.002355737;0.001927;0.002187;300;1;1;1;300;1029;0.001719;0.036511;1121;1086;0.001823
"EarlyUpdate.UpdateInputManager";0.002031;0.001458;0.004062;1178;1113;1124;2;2;0.628599998890422;0.002095333;0.001823;0.002292;300;1;1;1;300;1029;0.001458;0.004062;1113;1124;0.00198
"GarbageCollector.CollectIncremental";0.002031;0.001562;0.035156;1195;1029;1277;3;3;0.687815000419505;0.002292717;0.001927;0.002136;300;1;1;1;300;1029;0.001562;0.035156;1029;1277;0.002188
"Shadows.CullingCallbacks";0.001979;0.001563;0.03125;1035;1180;1326;8;8;0.702606000355445;0.00234202;0.001823;0.002084;300;1;1;1;300;1029;0.001563;0.03125;1180;1326;0.001823
"AudioProfiler.CaptureFrame";0.001927;0.001511;0.058386;1099;1260;1192;6;6;0.697606996167451;0.002325357;0.001771;0.002084;300;1;1;1;300;1029;0.001511;0.058386;1260;1192;0.001823
"PostLateUpdate.UpdateRectTransform";0.001927;0.001458;0.004115;1275;1105;1172;2;2;0.655265998677351;0.00218422;0.001771;0.002604;300;1;1;1;300;1029;0.001458;0.004115;1105;1172;0.001823
"Physics.Interpolation";0.001875;0.000938;0.003593;1093;1102;1208;3;3;0.584520998723747;0.001948403;0.001719;0.002135;509;2;1;2;300;1029;0.000104;0.003593;1060;1208;0.002032
"LOD.ComputeLOD";0.001875;0.001458;0.003281;1248;1164;1242;9;10;0.580475998227485;0.00193492;0.00177;0.002031;600;2;2;2;300;1029;0.000364;0.002448;1116;1242;0.001667
"End XR Rendering";0.001875;0.001614;0.02427;1322;1115;1139;8;8;0.605315998429433;0.00201772;0.001771;0.002031;300;1;1;1;300;1029;0.001614;0.02427;1115;1139;0.002032
"Find dependency chain";0.001824;0.000781;0.025157;1216;1091;1131;10;11;0.580832995823584;0.00193611;0.001511;0.002187;698;2;1;5;300;1029;0.000105;0.025157;1275;1131;0.001405
"Connections.Process";0.001823;0.001406;0.004271;1178;1210;1307;6;6;0.555619999184273;0.001852067;0.001719;0.001927;300;1;1;1;300;1029;0.001406;0.004271;1210;1307;0.002031
"Physics2D.SyncTransformChanges";0.001771;0.001354;0.028906;1068;1250;1245;4;4;0.405728999874555;0.001941287;0.001615;0.001927;209;1;1;1;209;1029;0.001354;0.028906;1250;1245;0.001667
"PreLateUpdate.ConstraintManagerUpdate";0.001771;0.001041;0.02776;1101;1246;1034;2;2;0.563426999840885;0.00187809;0.001615;0.001979;300;1;1;1;300;1029;0.001041;0.02776;1246;1034;0.002187
"Camera.Render";0.001771;0.001302;0.045833;1299;1170;1154;3;3;0.593339997227304;0.0019778;0.001615;0.001979;300;1;1;1;300;1029;0.001302;0.045833;1170;1154;0.001666
"AddCustomActiveLocalLights";0.001718;0.001302;0.02276;1324;1066;1093;10;10;0.544065000023693;0.00181355;0.001615;0.001823;300;1;1;1;300;1029;0.001302;0.02276;1066;1093;0.001823
"EndDynamicVBOFrame";0.001667;0.001198;0.026198;1142;1145;1135;5;5;0.722766000078991;0.00240922;0.001511;0.001823;300;1;1;1;300;1029;0.001198;0.026198;1145;1135;0.001354
"AudioManager.FixedUpdate";0.001614;0.001198;0.00276;1083;1164;1131;3;3;0.352437999448739;0.001686306;0.001459;0.001823;209;1;1;1;209;1029;0.001198;0.00276;1164;1131;0.00151
"AddDirectionalLights";0.001563;0.001145;0.002709;1133;1172;1285;10;10;0.490571999107487;0.00163524;0.001406;0.001823;300;1;1;1;300;1029;0.001145;0.002709;1172;1285;0.001458
"Inl_Forward+ Complete";0.001563;0.001042;0.042813;1215;1102;1095;10;10;0.54002699861303;0.00180009;0.001407;0.001719;300;1;1;1;300;1029;0.001042;0.042813;1102;1095;0.001458
"TerrainManager.CullAllTerrains";0.001562;0.001198;0.021458;1082;1175;1070;8;8;0.504593999125063;0.00168198;0.001406;0.001771;300;1;1;1;300;1029;0.001198;0.021458;1175;1070;0.001719
"EarlyUpdate.RendererNotifyInvisible";0.001562;0.001041;0.022292;1112;1030;1039;2;2;0.507245999993756;0.00169082;0.001354;0.001823;300;1;1;1;300;1029;0.001041;0.022292;1030;1039;0.001354
"UnityEngine.CoreModule.dll!UnityEngine.Rendering::OnDemandRendering.GetRenderFrameInterval() [Invoke]";0.001562;0.000938;0.018647;1264;1047;1294;2;2;0.491327000825549;0.001637757;0.001458;0.001718;600;2;2;2;300;1029;0.000104;0.018386;1075;1294;0.00151
"PreUpdate.IMGUISendQueuedEvents";0.001459;0.001146;0.031823;1282;1102;1127;2;2;0.489640996791422;0.001632137;0.001354;0.001719;300;1;1;1;300;1029;0.001146;0.031823;1102;1127;0.001406
"GC.Alloc";0.001459;0.001303;0.001718;1270;1089;1053;5;5;0.0122919999266742;0.0015365;0.001407;0.001615;32;4;4;4;8;1053;0.000156;0.001041;1089;1162;0
"Renderers.OncePerFrameUpdate";0.001458;0.000885;0.003021;1128;1277;1119;3;3;0.44734099827474;0.001491137;0.001302;0.001615;300;1;1;1;300;1029;0.000885;0.003021;1277;1119;0.001041
"Update.DirectorUpdate";0.001458;0.000833;0.004896;1209;1102;1165;2;2;0.555772999417968;0.001852577;0.00125;0.002604;300;1;1;1;300;1029;0.000833;0.004896;1102;1165;0.001563
"CullObjectsWithoutUmbra";0.001406;0.001406;0.001615;1102;1102;1074;12;12;0.00302099995315075;0.0015105;0.001406;0.001406;2;1;1;1;2;1074;0.001406;0.001615;1102;1074;0
"UGUI.Rendering.EmitWorldScreenspaceCameraGeometry";0.001406;0.000989;0.02224;1305;1029;1123;4;4;0.502300995984115;0.001674337;0.00125;0.001667;600;2;2;2;300;1029;0.000416;0.02151;1029;1123;0.001198
"PrepareUpdateRendererBoundingVolumes";0.001405;0.001041;0.009741;1305;1068;1322;3;10;0.427605996948841;0.001425353;0.001301;0.001459;1200;4;4;4;300;1029;0.000104;0.008698;1219;1322;0.001249
"UnityEngine.CoreModule.dll!UnityEngine.Rendering::SupportedRenderingFeatures.IsLightmapBakeTypeSupportedByRef() [Invoke]";0.001355;0.001093;0.023854;1244;1153;1290;3;3;0.456509999465197;0.0015217;0.00125;0.001562;300;1;1;1;300;1029;0.001093;0.023854;1153;1290;0.001198
"UIEvents.CanvasManagerRenderOverlays";0.001354;0.000937;0.010261;1100;1116;1187;3;3;0.417547998600639;0.001391827;0.00125;0.001458;300;1;1;1;300;1029;0.000937;0.010261;1116;1187;0.001407
"PostLateUpdate.UpdateAllSkinnedMeshes";0.001354;0.001041;0.003542;1154;1298;1299;2;2;0.419789999024943;0.0013993;0.001198;0.00151;300;1;1;1;300;1029;0.001041;0.003542;1298;1299;0.001146
"PrepareSceneNodesCombineJob";0.001354;0.000834;0.001563;1159;1080;1034;12;12;0.0287489996990189;0.001306773;0.00125;0.001406;22;1;1;1;22;1034;0.000834;0.001563;1080;1034;0
"TimeManager.Update";0.001354;0.000886;0.002396;1199;1301;1047;3;3;0.405518998915795;0.00135173;0.00125;0.001458;300;1;1;1;300;1029;0.000886;0.002396;1301;1047;0.00125
"Director.PrepareFrame";0.001353;0.000885;0.014376;1283;1090;1191;3;3;0.42348399711409;0.001411613;0.001199;0.001458;1918;7;5;7;300;1029;5.2E-05;0.013281;1029;1191;0.001302
"PostLateUpdate.VFXUpdate";0.001302;0.000677;0.015729;1079;1077;1029;2;2;0.413434999820311;0.001378117;0.001146;0.001459;300;1;1;1;300;1029;0.000677;0.015729;1077;1029;0.001354
"PostLateUpdate.DirectorLateUpdate";0.001302;0.000885;0.014271;1189;1105;1191;2;2;0.405985999503173;0.001353287;0.00125;0.001406;300;1;1;1;300;1029;0.000885;0.014271;1105;1191;0.00125
"ReflectionProbeAnchorPositionUpdate";0.001251;0.000937;0.002032;1032;1042;1323;9;11;0.383718996876269;0.001279063;0.001198;0.001354;900;3;3;3;300;1029;0.000104;0.001198;1042;1323;0.001146
"UnityEngine.UIModule.dll!UnityEngine::Canvas.SendPreWillRenderCanvases() [Invoke]";0.001198;0.000886;0.002708;1081;1072;1029;5;5;0.367954997345805;0.001226517;0.001093;0.001354;300;1;1;1;300;1029;0.000886;0.002708;1072;1029;0.001094
"EarlyUpdate.DispatchEventQueueEvents";0.001198;0.000677;0.002187;1287;1077;1292;2;2;0.38130699750036;0.001271023;0.001094;0.001406;300;1;1;1;300;1029;0.000677;0.002187;1077;1292;0.001041
"FrameEvents.XREndFrame";0.001146;0.000729;0.01526;1030;1325;1159;4;4;0.363799997780006;0.001212667;0.001041;0.00125;300;1;1;1;300;1029;0.000729;0.01526;1325;1159;0.001042
"JobHandle.Complete";0.001146;0.000782;0.042292;1175;1102;1095;11;11;0.414215996919665;0.00138072;0.001042;0.001302;300;1;1;1;300;1029;0.000782;0.042292;1102;1095;0.001093
"UnityEngine.CoreModule.dll!UnityEngine.Rendering::RenderPipelineManager.HandleRenderPipelineChange() [Invoke]";0.001095;0.000624;0.001979;1151;1255;1053;3;3;0.345555997562769;0.001151853;0.000991;0.001251;600;2;2;2;300;1029;0.000104;0.001771;1114;1053;0.001249
"PostLateUpdate.XRPreEndFrame";0.001094;0.000573;0.003802;1048;1274;1064;2;2;0.330722997663543;0.00110241;0.000989;0.001198;300;1;1;1;300;1029;0.000573;0.003802;1274;1064;0.00125
"Set Motion Vector Global Matrices";0.001094;0.000833;0.025417;1155;1271;1154;8;8;0.363958997884765;0.001213197;0.001041;0.001198;300;1;1;1;300;1029;0.000833;0.025417;1271;1154;0.001198
"Oculus.VR.dll!::OVRHeadsetEmulator.Update() [Invoke]";0.001094;0.000781;0.002031;1191;1037;1173;4;4;0.341256996965967;0.001137523;0.000989;0.00125;300;1;1;1;300;1029;0.000781;0.002031;1037;1173;0.001302
"Oculus.VR.dll!::OVRPassthroughLayer.LateUpdate() [Invoke]";0.001094;0.000833;0.001667;1217;1068;1109;4;4;0.338637996756006;0.001128793;0.001041;0.001198;300;1;1;1;300;1029;0.000833;0.001667;1068;1109;0.001041
"UIEvents.CanvasManagerEmitOffScreenGeometry";0.001094;0.000781;0.047865;1262;1137;1298;3;3;0.423756995762233;0.001412523;0.00099;0.00125;300;1;1;1;300;1029;0.000781;0.047865;1137;1298;0.001093
"Physics2D.SyncColliderTransformChanges";0.001042;0.000729;0.002813;1098;1250;1292;5;5;0.224218997871503;0.001072818;0.000937;0.001198;209;1;1;1;209;1029;0.000729;0.002813;1250;1292;0.001042
"Initialization.UpdateCameraMotionVectors";0.001042;0.000573;0.007864;1298;1110;1029;2;2;0.335315998236183;0.00111772;0.000938;0.001198;300;1;1;1;300;1029;0.000573;0.007864;1110;1029;0.00099
"CullResultsToNativeArrays";0.001041;0.000833;0.001666;1095;1070;1227;8;8;0.317761996062472;0.001059207;0.000938;0.001145;300;1;1;1;300;1029;0.000833;0.001666;1070;1227;0.000833
"EarlyUpdate.UpdateTextureStreamingManager";0.00099;0.000573;0.001823;1169;1110;1127;2;2;0.30390299577266;0.00101301;0.000937;0.001093;300;1;1;1;300;1029;0.000573;0.001823;1110;1127;0.001042
"PreLateUpdate.AIUpdatePostScript";0.00099;0.000573;0.002188;1298;1038;1227;2;2;0.31057399767451;0.001035247;0.000886;0.001146;300;1;1;1;300;1029;0.000573;0.002188;1038;1227;0.000937
"PostLateUpdate.ScriptRunDelayedDynamicFrameRate";0.000989;0.000729;0.001406;1148;1094;1049;2;2;0.293812996009365;0.0009793766;0.000886;0.001042;300;1;1;1;300;1029;0.000729;0.001406;1094;1049;0.000886
"Connections.Poll";0.000989;0.000678;0.001511;1217;1161;1091;6;6;0.299430996819865;0.0009981033;0.000886;0.001093;300;1;1;1;300;1029;0.000678;0.001511;1161;1091;0.001406
"PreUpdate.PhysicsUpdate";0.000938;0.000573;0.010521;1098;1199;1208;2;2;0.696145996626001;0.002320487;0.000782;0.00474;300;1;1;1;300;1029;0.000573;0.010521;1199;1208;0.000885
"UI.RenderOverlays";0.000937;0.000625;0.00974;1033;1068;1187;4;4;0.289946997130755;0.00096649;0.000833;0.001041;300;1;1;1;300;1029;0.000625;0.00974;1068;1187;0.000937
"Profiler.FlushFileIOCounters";0.000937;0.00052;0.001771;1081;1109;1256;4;4;0.282344997220207;0.00094115;0.000833;0.00099;300;1;1;1;300;1029;0.00052;0.001771;1109;1256;0.000886
"CullSceneDynamicObjectsCombineJob";0.000937;0.000937;0.00125;1102;1102;1074;11;11;0.00218699994729832;0.0010935;0.000937;0.000937;2;1;1;1;2;1074;0.000937;0.00125;1102;1074;0
"SpeedTreeWindManager.UpdateGlobalAndLocalWinds";0.000937;0.000572;0.001928;1114;1029;1179;4;4;0.286928998131771;0.00095643;0.000781;0.001042;300;1;1;1;300;1029;0.000572;0.001928;1029;1179;0.001198
"UIEvents.CanvasmanagerEmitOnScreenGeometry";0.000885;0.000677;0.021719;1319;1269;1123;3;3;0.310312998422887;0.001034377;0.000782;0.001042;300;1;1;1;300;1029;0.000677;0.021719;1269;1123;0.000781
"GlobalEventQueue";0.000834;0.000573;0.001823;1031;1077;1292;3;3;0.267396998766344;0.0008913233;0.000781;0.00099;300;1;1;1;300;1029;0.000573;0.001823;1077;1292;0.000781
"ConstraintManager::Update";0.000834;0.000677;0.001302;1048;1084;1262;3;3;0.260090998956002;0.00086697;0.000781;0.000937;300;1;1;1;300;1029;0.000677;0.001302;1084;1262;0.00099
"EarlyUpdate.Physics2DEarlyUpdate";0.000834;0.000573;0.088698;1062;1142;1290;2;2;0.455993998039048;0.00151998;0.000678;0.001666;300;1;1;1;300;1029;0.000573;0.088698;1142;1290;0.000677
"UnityEngine.AIModule.dll!UnityEngine.AI::NavMesh.Internal_CallOnNavMeshPreUpdate() [Invoke]";0.000834;0.000469;0.03;1127;1066;1165;3;3;0.297030997899128;0.0009901033;0.000781;0.000989;300;1;1;1;300;1029;0.000469;0.03;1066;1165;0.000937
"UnityEngine.CoreModule.dll!UnityEngine.Rendering::RenderPipelineManager.GetCurrentPipelineAssetType() [Invoke]";0.000833;0.000625;0.001459;1245;1032;1093;3;3;0.255775998753961;0.0008525866;0.00073;0.000937;300;1;1;1;300;1029;0.000625;0.001459;1032;1093;0.00099
"LightCookies";0.000833;0.000625;0.001822;1268;1085;1254;9;9;0.255944999167696;0.00085315;0.000781;0.000886;300;1;1;1;300;1029;0.000625;0.001822;1085;1254;0.000833
"Initialization.AsyncUploadTimeSlicedUpdate";0.000782;0.000573;0.001771;1086;1133;1307;2;2;0.246880999358837;0.0008229367;0.000729;0.000885;300;1;1;1;300;1029;0.000573;0.001771;1133;1307;0.000938
"Director.ProcessFrame";0.000782;0.000468;0.001458;1098;1061;1292;3;3;0.243998998586903;0.00081333;0.000679;0.000937;1918;7;5;7;300;1029;5.2E-05;0.000781;1029;1143;0.000937
"SoundManager.Update";0.000782;0.000469;0.001928;1318;1190;1153;3;3;0.256254997977521;0.0008541833;0.000729;0.000937;300;1;1;1;300;1029;0.000469;0.001928;1190;1153;0.000989
"addCustomLights.Invoke";0.000782;0.000572;0.00125;1121;1109;1142;11;11;0.245001998075168;0.0008166733;0.0007299999;0.0008849999;2100;7;7;7;300;1029;5.2E-05;0.000677;1029;1047;0.000781
"CleanUp.TextRenderingGarbageCollect";0.000781;0.000468;0.02125;1049;1103;1277;5;5;0.25598400022136;0.00085328;0.000729;0.000833;300;1;1;1;300;1029;0.000468;0.02125;1103;1277;0.000938
"SceneNodesInitJob";0.000781;0.000781;0.000885;1074;1074;1102;12;12;0.00166599999647588;0.000833;0.000781;0.000781;2;1;1;1;2;1074;0.000781;0.000885;1074;1102;0
"Inl_ScriptableRenderer.InternalFinishRenderingCommon";0.000781;0.000521;0.001562;1132;1125;1237;7;7;0.234012998640537;0.0007800433;0.000677;0.000834;300;1;1;1;300;1029;0.000521;0.001562;1125;1237;0.000729
"PostLateUpdate.SortingGroupsUpdate";0.000781;0.000365;0.019219;1169;1079;1178;2;2;0.257815998949809;0.0008593866;0.000677;0.000885;300;1;1;1;300;1029;0.000365;0.019219;1079;1178;0.000625
"PostLateUpdate.TriggerEndOfFrameCallbacks";0.000781;0.000469;0.013438;1278;1190;1034;2;2;0.280092000582954;0.00093364;0.000729;0.000885;300;1;1;1;300;1029;0.000469;0.013438;1190;1034;0.000833
"RenderTexture.GarbageCollectTemporary";0.000781;0.00052;0.001927;1288;1326;1127;5;5;0.239382998901419;0.0007979433;0.000729;0.000885;300;1;1;1;300;1029;0.00052;0.001927;1326;1127;0.000885
"EarlyUpdate.UpdateAsyncInstantiate";0.000729;0.000521;0.021406;1168;1067;1311;2;2;0.247075998398941;0.0008235867;0.000677;0.000781;300;1;1;1;300;1029;0.000521;0.021406;1067;1311;0.000677
"Inl_Setup Additional Shadows";0.000729;0.000572;0.001875;1264;1268;1088;9;9;0.232451998104807;0.00077484;0.000677;0.000834;300;1;1;1;300;1029;0.000572;0.001875;1268;1088;0.000677
"Preload Single Step";0.000729;0.00052;0.033385;1289;1197;1314;6;6;0.259749000018928;0.00086583;0.000677;0.000782;300;1;1;1;300;1029;0.00052;0.033385;1197;1314;0.000781
"UnityEngine.CoreModule.dll!UnityEngine.Rendering::SupportedRenderingFeatures.IsUIOverlayRenderedBySRP() [Invoke]";0.000678;0.000468;0.001875;1056;1169;1255;3;3;0.21968199784169;0.0007322733;0.000625;0.000782;300;1;1;1;300;1029;0.000468;0.001875;1169;1255;0.000573
"PostLateUpdate.DirectorRenderImage";0.000677;0.00052;0.001094;1157;1085;1319;2;2;0.203591997153126;0.00067864;0.000625;0.000729;300;1;1;1;300;1029;0.00052;0.001094;1085;1319;0.000625
"FixedUpdate.DirectorFixedSampleTime";0.000677;0.000416;0.001875;1161;1216;1071;2;2;0.148914998571854;0.0007125119;0.000625;0.000781;209;1;1;1;209;1029;0.000416;0.001875;1216;1071;0.000573
"FindDirectionalShadowCastingLights";0.000677;0.000469;0.001458;1214;1203;1117;10;10;0.214053997915471;0.0007135133;0.000625;0.00073;300;1;1;1;300;1029;0.000469;0.001458;1203;1117;0.000834
"PostLateUpdate.UpdateVideoTextures";0.000677;0.000416;0.00125;1305;1079;1225;2;2;0.217139997665072;0.0007238;0.000625;0.000781;300;1;1;1;300;1029;0.000416;0.00125;1079;1225;0.000521
"PrepareSceneNodesJob";0.000625;0.000625;0.000625;1074;1074;1074;12;12;0.000624999986030161;0.000625;0.000625;0.000625;1;1;1;1;1;1074;0.000625;0.000625;1074;1074;0
"PostLateUpdate.InputEndFrame";0.000625;0.000417;0.014271;1163;1300;1254;2;2;0.205521998519544;0.0006850733;0.000573;0.000677;300;1;1;1;300;1029;0.000417;0.014271;1300;1254;0.00052
"Flush DSP connections";0.000625;0.00026;0.022864;1165;1208;1292;6;6;0.215671999001643;0.0007189066;0.000573;0.000678;300;1;1;1;300;1029;0.00026;0.022864;1208;1292;0.000625
"NavMeshManager";0.000625;0.000364;0.001198;1217;1039;1143;3;3;0.192496998264687;0.0006416566;0.000573;0.000678;300;1;1;1;300;1029;0.000364;0.001198;1039;1143;0.000573
"EarlyUpdate.UnityWebRequestUpdate";0.000625;0.000416;0.002344;1298;1326;1100;2;2;0.200999997963663;0.00067;0.000573;0.000729;300;1;1;1;300;1029;0.000416;0.002344;1326;1100;0.000573
"Profiler.CollectGIStats";0.000625;0.000208;0.002031;1315;1254;1136;5;5;0.202807998444769;0.0006760267;0.000573;0.00073;300;1;1;1;300;1029;0.000208;0.002031;1254;1136;0.000521
"PreUpdate.Physics2DUpdate";0.000573;0.000364;0.027291;1166;1095;1264;2;2;0.406510999106104;0.001355037;0.000469;0.0025;300;1;1;1;300;1029;0.000364;0.027291;1095;1264;0.000677
"Inl_RenderPipeline.EndCameraRendering";0.000573;0.000208;0.001094;1239;1077;1126;6;6;0.177710998919792;0.00059237;0.000521;0.000677;300;1;1;1;300;1029;0.000208;0.001094;1077;1126;0.000521
"Oculus.VR.dll!::OVRCameraRig.FixedUpdate() [Invoke]";0.000521;0.000365;0.001458;1050;1099;1302;4;4;0.112083999498282;0.0005362871;0.000417;0.000573;209;1;1;1;209;1029;0.000365;0.001458;1099;1302;0.000521
"SkinnedMeshOncePerFrameUpdate";0.000521;0.00026;0.00125;1053;1090;1206;4;4;0.161194999469444;0.0005373167;0.000417;0.000625;300;1;1;1;300;1029;0.00026;0.00125;1090;1206;0.000312
"FixedUpdate.DirectorFixedUpdatePostPhysics";0.000521;0.000364;0.000886;1075;1047;1122;2;2;0.109482000174467;0.0005238373;0.000469;0.000521;209;1;1;1;209;1029;0.000364;0.000886;1047;1122;0.000469
"suspendPointHook.Invoke";0.000521;0.000312;0.00323;1107;1080;1258;6;6;0.160357999644475;0.0005345267;0.000468;0.000573;300;1;1;1;300;1029;0.000312;0.00323;1080;1258;0.000469
"FindShadowCastingLights";0.000521;0.000365;0.00099;1113;1123;1191;11;11;0.16308399947593;0.0005436133;0.000469;0.000573;300;1;1;1;300;1029;0.000365;0.00099;1123;1191;0.000625
"Physics2D.SyncRigidbodyTransformChanges";0.000521;0.000416;0.027448;1158;1073;1245;5;5;0.137872000079369;0.0006596746;0.000469;0.000573;209;1;1;1;209;1029;0.000416;0.027448;1073;1245;0.000469
"EarlyUpdate.ProcessMouseInWindow";0.000521;0.000313;0.000938;1235;1202;1060;2;2;0.165984999621287;0.0005532833;0.000469;0.000625;300;1;1;1;300;1029;0.000313;0.000938;1202;1060;0.000625
"PostLateUpdate.GUIClearEvents";0.000521;0.000364;0.025781;1236;1058;1055;2;2;0.250412998837419;0.00083471;0.000469;0.000625;300;1;1;1;300;1029;0.000364;0.025781;1058;1055;0.000469
"Update Lights";0.000521;0.000312;0.012135;1267;1145;1236;3;3;0.175517000054242;0.0005850567;0.000521;0.000573;300;1;1;1;300;1029;0.000312;0.012135;1145;1236;0.000572
"PostLateUpdate.ShaderHandleErrors";0.000521;0.000312;0.001042;1294;1066;1275;2;2;0.167662999534514;0.0005588767;0.00052;0.000625;300;1;1;1;300;1029;0.000312;0.001042;1066;1275;0.000625
"EarlyUpdate.ExecuteMainThreadJobs";0.000469;0.000156;0.001302;1049;1080;1100;2;2;0.142496999455034;0.00047499;0.000416;0.000521;300;1;1;1;300;1029;0.000156;0.001302;1080;1100;0.000417
"meta.xr.mrutilitykit.dll!Meta.XR.MRUtilityKit::MRUK.TrackerCoroutine() [Coroutine: System.Collections.IEnumerator.get_Current] [Invoke]";0.000469;0.000105;0.001354;1129;1144;1297;4;4;0.145059999733348;0.0004835333;0.000417;0.000521;300;1;1;1;300;1029;0.000105;0.001354;1144;1297;0.000417
"PreLateUpdate.DirectorUpdateAnimationBegin";0.000469;0.000364;0.000938;1224;1042;1230;2;2;0.152080999541795;0.0005069367;0.000468;0.000521;300;1;1;1;300;1029;0.000364;0.000938;1042;1230;0.000417
"PostLateUpdate.PlayerSendFramePostPresent";0.000469;0.00026;0.011979;1248;1077;1234;2;2;0.197707998857368;0.0006590267;0.000417;0.000573;300;1;1;1;300;1029;0.00026;0.011979;1077;1234;0.000365
"PreUpdate.SendMouseEvents";0.000469;0.00026;0.001667;1270;1029;1304;2;2;0.155483999435091;0.00051828;0.000417;0.000573;300;1;1;1;300;1029;0.00026;0.001667;1029;1304;0.000469
"Terrain.UpdateSplatProperties";0.000468;0.000364;0.001198;1087;1058;1158;9;9;0.142914999683853;0.0004763833;0.000417;0.000521;300;1;1;1;300;1029;0.000364;0.001198;1058;1158;0.000365
"EarlyUpdate.UpdateAsyncReadbackManager";0.000417;0.000104;0.000938;1088;1067;1127;2;2;0.126518999364635;0.00042173;0.000365;0.000469;300;1;1;1;300;1029;0.000104;0.000938;1067;1127;0.000468
"QueuePrepareIntegrateMainThreadObjects";0.000417;0.000312;0.000885;1104;1034;1304;9;10;0.128803999657976;0.0004293467;0.000365;0.000469;600;2;2;2;300;1029;0.000104;0.000625;1034;1298;0.000364
"FixedUpdate.ScriptRunDelayedFixedFrameRate";0.000417;0.000312;0.000782;1168;1140;1122;2;2;0.0929219996905886;0.0004446029;0.000416;0.000469;209;1;1;1;209;1029;0.000312;0.000782;1140;1122;0.000417
"EarlyUpdate.ARCoreUpdate";0.000417;0.000208;0.000885;1219;1325;1081;2;2;0.135052999816253;0.0004501767;0.000416;0.000469;300;1;1;1;300;1029;0.000208;0.000885;1325;1081;0.000364
"WaitForLastPresent";0.000417;0.000312;0.028541;1311;1246;1097;3;3;0.18212299971492;0.0006070767;0.000416;0.000469;300;1;1;1;300;1029;0.000312;0.028541;1246;1097;0.000417
"PreLateUpdate.DirectorUpdateAnimationEnd";0.000417;0.000364;0.002084;1328;1042;1040;2;2;0.138111999811372;0.0004603733;0.000416;0.000469;300;1;1;1;300;1029;0.000364;0.002084;1042;1040;0.000417
"WatermarkRender";0.000416;0.000208;0.000782;1053;1040;1062;3;3;0.119315999603714;0.00039772;0.000312;0.000469;300;1;1;1;300;1029;0.000208;0.000782;1040;1062;0.000417
"Inl_RenderPipeline.BeginContextRendering";0.000416;0.000156;0.001145;1068;1123;1191;5;5;0.11631199940166;0.0003877067;0.000364;0.000468;300;1;1;1;300;1029;0.000156;0.001145;1123;1191;0.000416
"PreLateUpdate.DirectorDeferredEvaluate";0.000365;0.000104;0.001458;1165;1044;1064;2;2;0.114888999632967;0.0003829633;0.000312;0.000417;300;1;1;1;300;1029;0.000104;0.001458;1044;1064;0.00026
"Inl_RenderPipeline.EndContextRendering";0.000365;0.000208;0.000833;1167;1063;1264;5;5;0.116039999120403;0.0003868;0.000313;0.000417;300;1;1;1;300;1029;0.000208;0.000833;1063;1264;0.000364
"EarlyUpdate.SpriteAtlasManagerUpdate";0.000365;0.000104;0.000782;1245;1102;1107;2;2;0.116465999490174;0.00038822;0.000364;0.000417;300;1;1;1;300;1029;0.000104;0.000782;1102;1107;0.000365
"PostLateUpdate.ProfilerSynchronizeStats";0.000365;0.00026;0.000989;1272;1114;1316;2;2;0.118542999087367;0.0003951433;0.000364;0.000417;300;1;1;1;300;1029;0.00026;0.000989;1114;1316;0.000364
"FixedUpdate.XRFixedUpdate";0.000365;0.000208;0.000885;1302;1066;1045;2;2;0.0857349994621472;0.0004102153;0.000313;0.000469;209;1;1;1;209;1029;0.000208;0.000885;1066;1045;0.000417
"UIEvents.UpdateCanvasRectTransform";0.000365;0.000156;0.021979;1322;1246;1226;3;3;0.144471999534289;0.0004815733;0.000364;0.000417;300;1;1;1;300;1029;0.000156;0.021979;1246;1226;0.000416
"Inl_Sort Render Passes";0.000364;0.000104;0.001198;1130;1167;1179;8;8;0.107962999092706;0.0003598767;0.000312;0.000416;300;1;1;1;300;1029;0.000104;0.001198;1167;1179;0.000417
"EarlyUpdate.ResetFrameStatsAfterPresent";0.000364;5.2E-05;0.001667;1230;1080;1092;2;2;0.108588998507912;0.0003619633;0.000313;0.000365;300;1;1;1;300;1029;5.2E-05;0.001667;1080;1092;0.000365
"Terrain.Trees.OnWillRender";0.000364;0.00026;0.01573;1257;1050;1309;9;11;0.124157999314775;0.00041386;0.000313;0.000366;600;2;2;2;300;1029;0.000104;0.015521;1043;1309;0.000312
"PostLateUpdate.EndGraphicsJobsAfterScriptLateUpdate";0.000313;0.000208;0.000521;1239;1282;1074;2;2;0.0994979985844111;0.00033166;0.000312;0.000365;300;1;1;1;300;1029;0.000208;0.000521;1282;1074;0.000313
"FindBrightestDirectionalLight";0.000312;0.000156;0.025989;1206;1146;1105;10;10;0.117543998916517;0.0003918133;0.00026;0.000364;300;1;1;1;300;1029;0.000156;0.025989;1146;1105;0.000209
"Physics.CalculateChangedBodyTransforms";0.000312;0.000208;0.000469;1225;1124;1243;5;5;0.0636419993679738;0.0003045072;0.000261;0.000313;209;1;1;1;209;1029;0.000208;0.000469;1124;1243;0.00026
"Inl_ScriptableRenderer.AddRenderPasses";0.000312;5.2E-05;0.000677;1241;1073;1059;7;7;0.0873539989588608;0.00029118;0.00026;0.000364;300;1;1;1;300;1029;5.2E-05;0.000677;1073;1059;0.000208
"ScheduleCullingGroups";0.000261;0.000156;0.000677;1212;1063;1059;8;8;0.0904729995527305;0.0003015767;0.000208;0.000365;300;1;1;1;300;1029;0.000156;0.000677;1063;1059;0.000416
"CombineJobResults";0.000261;0.000104;0.000886;1237;1079;1046;11;12;0.0627109998931701;0.0003074069;0.00026;0.000364;214;1;1;2;204;1030;5.2E-05;0.000886;1102;1046;0
"PostLateUpdate.ClearImmediateRenderers";0.000261;0.000156;0.106562;1240;1096;1172;2;2;0.196876995774801;0.0006562566;0.00026;0.000313;300;1;1;1;300;1029;0.000156;0.106562;1096;1172;0.000261
"PostLateUpdate.BatchModeUpdate";0.000261;0.000156;0.000573;1292;1115;1074;2;2;0.0897299998323433;0.0002991;0.00026;0.000364;300;1;1;1;300;1029;0.000156;0.000573;1115;1074;0.000312
"UnityEngine.UIModule.dll!UnityEngine::Canvas.SendWillRenderCanvases() [Invoke]";0.00026;0.000104;0.000729;1106;1072;1237;5;5;0.0689180004046648;0.0002297267;0.000208;0.000261;300;1;1;1;300;1029;0.000104;0.000729;1072;1237;0.00026
"SortingGroupManager.Update";0.00026;0.000104;0.000521;1221;1079;1172;3;3;0.0768840002783691;0.00025628;0.000209;0.000261;300;1;1;1;300;1029;0.000104;0.000521;1079;1172;0.00026
"UIEvents.AlignCanvasRectTransformWithCamera";0.00026;0.000105;0.000521;1251;1239;1071;3;3;0.0812880002049496;0.00027096;0.00026;0.000261;300;1;1;1;300;1029;0.000105;0.000521;1239;1071;0.000261
"PreLateUpdate.PhysicsLateUpdate";0.00026;0.000156;0.000625;1272;1037;1083;2;2;0.0809969999536406;0.00026999;0.000208;0.000312;300;1;1;1;300;1029;0.000156;0.000625;1037;1083;0.000312
"EarlyUpdate.GpuTimestamp";0.000209;0.000104;0.031979;1029;1112;1101;2;2;0.100215998238127;0.0003340533;0.000208;0.00026;300;1;1;1;300;1029;0.000104;0.031979;1112;1101;0.000208
"ConstraintManager::Update::JobSetup";0.000209;0.000156;0.000677;1164;1041;1227;4;4;0.0711929999815766;0.00023731;0.000208;0.00026;300;1;1;1;300;1029;0.000156;0.000677;1041;1227;0.000312
"FrameEvents.XRPostPresent";0.000209;0.000104;0.011771;1221;1077;1234;3;3;0.0829300002151285;0.0002764333;0.000208;0.000261;300;1;1;1;300;1029;0.000104;0.011771;1077;1234;0.000209
"TextureStreamingManager.Update";0.000208;5.2E-05;0.000521;1184;1067;1192;3;3;0.0614469997199194;0.0002048233;0.000156;0.000209;300;1;1;1;300;1029;5.2E-05;0.000521;1067;1192;0.000209
"PrepareSceneNodesSetUp";0.000208;0.000156;0.002187;1302;1101;1102;13;13;0.00656199991135509;0.0005047692;0.000208;0.000365;39;2;1;6;13;1052;5.2E-05;0.001511;1052;1102;0
"EarlyUpdate.PresentBeforeUpdate";0.000156;0.000104;0.017188;1090;1032;1099;2;2;0.0601019989044289;0.00020034;0.000104;0.000156;300;1;1;1;300;1029;0.000104;0.017188;1032;1099;0.000157
"EarlyUpdate.UpdateCanvasRectTransform";0.000156;0.000104;0.000261;1194;1031;1119;2;2;0.0448459992257995;0.0001494867;0.000156;0.000157;300;1;1;1;300;1029;0.000104;0.000261;1031;1119;0.000156
"Begin XR Rendering";0.000156;0.000104;0.000521;1214;1032;1062;8;8;0.0472379991842899;0.00015746;0.000156;0.000157;300;1;1;1;300;1029;0.000104;0.000521;1032;1062;0.000156
"PreUpdate.CheckTexFieldInput";0.000156;5.2E-05;0.000677;1288;1116;1151;2;2;0.0705689994356362;0.00023523;0.000104;0.000364;300;1;1;1;300;1029;5.2E-05;0.000677;1116;1151;0.000157
"Setup Debug Properties";0.000156;0.000104;0.00552;1323;1040;1066;8;8;0.0612999997392762;0.0002043333;0.000156;0.000209;300;1;1;1;300;1029;0.000104;0.00552;1040;1066;0.000157
"Physics.WriteColliderPoses";0.000104;5.2E-05;0.000365;1075;1032;1222;5;5;0.0188969997761887;9.041627E-05;5.2E-05;0.000104;209;1;1;1;209;1029;5.2E-05;0.000365;1032;1222;5.2E-05
"Inl_UniversalRenderPipeline.GetPerObjectLightFlags";0.000104;5.2E-05;0.000312;1122;1029;1233;8;8;0.0267119996860856;8.904E-05;5.2E-05;0.000104;300;1;1;1;300;1029;5.2E-05;0.000312;1029;1233;0.000104
"PostLateUpdate.ResetInputAxis";0.000104;5.2E-05;0.011615;1205;1039;1257;2;2;0.0426449993283313;0.00014215;0.000104;0.000104;300;1;1;1;300;1029;5.2E-05;0.011615;1039;1257;0.000105
"CullingGroupSendEvents";5.3E-05;5.2E-05;0.000156;1160;1029;1071;8;8;0.0232299997478549;7.743333E-05;5.2E-05;0.000104;300;1;1;1;300;1029;5.2E-05;0.000156;1029;1071;0.000105
"FixedUpdate.ClearLines";5.3E-05;5.2E-05;0.000157;1193;1030;1285;2;2;0.0161929998284904;7.747847E-05;5.2E-05;0.000104;209;1;1;1;209;1029;5.2E-05;0.000157;1030;1285;5.3E-05
"EarlyUpdate.ClearLines";5.2E-05;5.2E-05;0.000105;1268;1030;1050;2;2;0.0201589997850533;6.719666E-05;5.2E-05;0.000104;300;1;1;1;300;1029;5.2E-05;0.000105;1030;1050;5.2E-05
"Physics.WriteRigidbodyPoses";5.2E-05;5.2E-05;0.000261;1269;1030;1062;5;5;0.014633999850048;7.001914E-05;5.2E-05;0.000104;209;1;1;1;209;1029;5.2E-05;0.000261;1030;1062;5.2E-05
"RenderTarget.SetActive";5.2E-05;5.2E-05;0.006458;1269;1031;1052;10;10;0.0385889997851336;0.00012863;5.2E-05;0.000104;300;1;1;1;300;1029;5.2E-05;0.006458;1031;1052;5.2E-05
"Active Constraints";0;0;0;1178;1029;1029;4;5;0;0;0;0;509;2;1;2;300;1029;0;0;1029;1029;0
"Active Dynamic Bodies";0;0;0;1178;1029;1029;4;5;0;0;0;0;509;2;1;2;300;1029;0;0;1029;1029;0
"Active Kinematic Bodies";0;0;0;1178;1029;1029;4;5;0;0;0;0;509;2;1;2;300;1029;0;0;1029;1029;0
"Added Contacts";0;0;0;1178;1029;1029;5;5;0;0;0;0;300;1;1;1;300;1029;0;0;1029;1029;0
"AnimationClip Count";0;0;0;1178;1029;1029;5;5;0;0;0;0;300;1;1;1;300;1029;0;0;1029;1029;0
"AnimationClip Memory";0;0;0;1178;1029;1029;5;5;0;0;0;0;300;1;1;1;300;1029;0;0;1029;1029;0
"App Committed Memory";0;0;0;1178;1029;1029;5;5;0;0;0;0;300;1;1;1;300;1029;0;0;1029;1029;0
"App Resident Memory";0;0;0;1178;1029;1029;5;5;0;0;0;0;300;1;1;1;300;1029;0;0;1029;1029;0
"Articulation Bodies";0;0;0;1178;1029;1029;4;5;0;0;0;0;509;2;1;2;300;1029;0;0;1029;1029;0
"Asleep Bodies";0;0;0;1178;1029;1029;5;5;0;0;0;0;300;1;1;1;300;1029;0;0;1029;1029;0
"Asleep Shapes";0;0;0;1178;1029;1029;5;5;0;0;0;0;300;1;1;1;300;1029;0;0;1029;1029;0
"Asset Count";0;0;0;1178;1029;1029;5;5;0;0;0;0;300;1;1;1;300;1029;0;0;1029;1029;0
"Audio Reads";0;0;0;1178;1029;1029;5;5;0;0;0;0;300;1;1;1;300;1029;0;0;1029;1029;0
"Audio Reserved Memory";0;0;0;1178;1029;1029;5;5;0;0;0;0;300;1;1;1;300;1029;0;0;1029;1029;0
"Audio Used Memory";0;0;0;1178;1029;1029;5;5;0;0;0;0;300;1;1;1;300;1029;0;0;1029;1029;0
"AudioClip Count";0;0;0;1178;1029;1029;5;5;0;0;0;0;300;1;1;1;300;1029;0;0;1029;1029;0
"AudioClip Memory";0;0;0;1178;1029;1029;5;5;0;0;0;0;300;1;1;1;300;1029;0;0;1029;1029;0
"Awake Bodies";0;0;0;1178;1029;1029;5;5;0;0;0;0;300;1;1;1;300;1029;0;0;1029;1029;0
"Awake Shapes";0;0;0;1178;1029;1029;5;5;0;0;0;0;300;1;1;1;300;1029;0;0;1029;1029;0
"Broadphase Adds";0;0;0;1178;1029;1029;4;5;0;0;0;0;509;2;1;2;300;1029;0;0;1029;1029;0
"Broadphase Adds/Removes";0;0;0;1178;1029;1029;4;5;0;0;0;0;509;2;1;2;300;1029;0;0;1029;1029;0
"Broadphase Pairs";0;0;0;1178;1029;1029;5;5;0;0;0;0;300;1;1;1;300;1029;0;0;1029;1029;0
"Broadphase Removes";0;0;0;1178;1029;1029;4;5;0;0;0;0;509;2;1;2;300;1029;0;0;1029;1029;0
"Broadphase Updates";0;0;0;1178;1029;1029;5;5;0;0;0;0;300;1;1;1;300;1029;0;0;1029;1029;0
"Colliders Synced";0;0;0;1178;1029;1029;4;5;0;0;0;0;509;2;1;2;300;1029;0;0;1029;1029;0
"Collision Enter";0;0;0;1178;1029;1029;5;5;0;0;0;0;300;1;1;1;300;1029;0;0;1029;1029;0
"Collision Exit";0;0;0;1178;1029;1029;5;5;0;0;0;0;300;1;1;1;300;1029;0;0;1029;1029;0
"Collision Stay";0;0;0;1178;1029;1029;5;5;0;0;0;0;300;1;1;1;300;1029;0;0;1029;1029;0
"Continuous Bodies";0;0;0;1178;1029;1029;5;5;0;0;0;0;300;1;1;1;300;1029;0;0;1029;1029;0
"Continuous Overlaps";0;0;0;1178;1029;1029;4;5;0;0;0;0;509;2;1;2;300;1029;0;0;1029;1029;0
"CPU Main Thread Frame Time";0;0;0;1178;1029;1029;5;5;0;0;0;0;300;1;1;1;300;1029;0;0;1029;1029;0
"CPU Render Thread Frame Time";0;0;0;1178;1029;1029;5;5;0;0;0;0;300;1;1;1;300;1029;0;0;1029;1029;0
"CPU Total Frame Time";0;0;0;1178;1029;1029;5;5;0;0;0;0;300;1;1;1;300;1029;0;0;1029;1029;0
"Discreet Overlaps";0;0;0;1178;1029;1029;4;5;0;0;0;0;509;2;1;2;300;1029;0;0;1029;1029;0
"Discrete Bodies";0;0;0;1178;1029;1029;5;5;0;0;0;0;300;1;1;1;300;1029;0;0;1029;1029;0
"Dynamic Bodies";0;0;0;1178;1029;1029;4;5;0;0;0;0;809;3;2;3;300;1029;0;0;1029;1029;0
"Dynamic Shapes";0;0;0;1178;1029;1029;5;5;0;0;0;0;300;1;1;1;300;1029;0;0;1029;1029;0
"Entities Reads";0;0;0;1178;1029;1029;5;5;0;0;0;0;300;1;1;1;300;1029;0;0;1029;1029;0
"Game Object Count";0;0;0;1178;1029;1029;5;5;0;0;0;0;300;1;1;1;300;1029;0;0;1029;1029;0
"GC Allocated In Frame";0;0;0;1178;1029;1029;5;5;0;0;0;0;300;1;1;1;300;1029;0;0;1029;1029;0
"GC Allocation In Frame Count";0;0;0;1178;1029;1029;5;5;0;0;0;0;300;1;1;1;300;1029;0;0;1029;1029;0
"GC Reserved Memory";0;0;0;1178;1029;1029;5;5;0;0;0;0;300;1;1;1;300;1029;0;0;1029;1029;0
"GC Used Memory";0;0;0;1178;1029;1029;5;5;0;0;0;0;300;1;1;1;300;1029;0;0;1029;1029;0
"GetContacts Queries";0;0;0;1178;1029;1029;5;5;0;0;0;0;300;1;1;1;300;1029;0;0;1029;1029;0
"Gfx Reserved Memory";0;0;0;1178;1029;1029;5;5;0;0;0;0;300;1;1;1;300;1029;0;0;1029;1029;0
"Gfx Used Memory";0;0;0;1178;1029;1029;5;5;0;0;0;0;300;1;1;1;300;1029;0;0;1029;1029;0
"Global Illumination Support";0;0;0;1178;1029;1029;5;5;0;0;0;0;300;1;1;1;300;1029;0;0;1029;1029;0
"GPU Frame Time";0;0;0;1178;1029;1029;5;5;0;0;0;0;300;1;1;1;300;1029;0;0;1029;1029;0
"IsTouching Queries";0;0;0;1178;1029;1029;5;5;0;0;0;0;300;1;1;1;300;1029;0;0;1029;1029;0
"KickJobs";0;0;0;1178;1029;1029;6;12;0;0;0;0;4133;14;13;14;300;1029;0;0;1029;1029;0
"Kinematic Bodies";0;0;0;1178;1029;1029;5;5;0;0;0;0;300;1;1;1;300;1029;0;0;1029;1029;0
"Kinematic Shapes";0;0;0;1178;1029;1029;5;5;0;0;0;0;300;1;1;1;300;1029;0;0;1029;1029;0
"Material Count";0;0;0;1178;1029;1029;5;5;0;0;0;0;300;1;1;1;300;1029;0;0;1029;1029;0
"Material Memory";0;0;0;1178;1029;1029;5;5;0;0;0;0;300;1;1;1;300;1029;0;0;1029;1029;0
"Mesh Count";0;0;0;1178;1029;1029;5;5;0;0;0;0;300;1;1;1;300;1029;0;0;1029;1029;0
"Mesh Memory";0;0;0;1178;1029;1029;5;5;0;0;0;0;300;1;1;1;300;1029;0;0;1029;1029;0
"Mesh Reads";0;0;0;1178;1029;1029;5;5;0;0;0;0;300;1;1;1;300;1029;0;0;1029;1029;0
"Modified Overlaps";0;0;0;1178;1029;1029;4;5;0;0;0;0;509;2;1;2;300;1029;0;0;1029;1029;0
"Narrowphase Lost Touches";0;0;0;1178;1029;1029;4;5;0;0;0;0;509;2;1;2;300;1029;0;0;1029;1029;0
"Narrowphase New Touches";0;0;0;1178;1029;1029;4;5;0;0;0;0;509;2;1;2;300;1029;0;0;1029;1029;0
"Narrowphase Touches";0;0;0;1178;1029;1029;4;5;0;0;0;0;509;2;1;2;300;1029;0;0;1029;1029;0
"Object Count";0;0;0;1178;1029;1029;5;5;0;0;0;0;300;1;1;1;300;1029;0;0;1029;1029;0
"Other Reads";0;0;0;1178;1029;1029;5;5;0;0;0;0;300;1;1;1;300;1029;0;0;1029;1029;0
"Overlap Queries";0;0;0;1178;1029;1029;5;5;0;0;0;0;300;1;1;1;300;1029;0;0;1029;1029;0
"Overlaps";0;0;0;1178;1029;1029;4;5;0;0;0;0;509;2;1;2;300;1029;0;0;1029;1029;0
"Particle Queries";0;0;0;1178;1029;1029;5;5;0;0;0;0;300;1;1;1;300;1029;0;0;1029;1029;0
"Physics Queries";0;0;0;1178;1029;1029;4;5;0;0;0;0;509;2;1;2;300;1029;0;0;1029;1029;0
"Physics Used Memory";0;0;0;1178;1029;1029;4;5;0;0;0;0;509;2;1;2;300;1029;0;0;1029;1029;0
"Physics Used Memory (2D)";0;0;0;1178;1029;1029;5;5;0;0;0;0;300;1;1;1;300;1029;0;0;1029;1029;0
"Profiler Reserved Memory";0;0;0;1178;1029;1029;5;5;0;0;0;0;300;1;1;1;300;1029;0;0;1029;1029;0
"Profiler Used Memory";0;0;0;1178;1029;1029;5;5;0;0;0;0;300;1;1;1;300;1029;0;0;1029;1029;0
"Raycast Queries";0;0;0;1178;1029;1029;5;5;0;0;0;0;300;1;1;1;300;1029;0;0;1029;1029;0
"Removed Contacts";0;0;0;1178;1029;1029;5;5;0;0;0;0;300;1;1;1;300;1029;0;0;1029;1029;0
"Render Textures Bytes";0;0;0;1178;1029;1029;5;5;0;0;0;0;300;1;1;1;300;1029;0;0;1029;1029;0
"Render Textures Count";0;0;0;1178;1029;1029;5;5;0;0;0;0;300;1;1;1;300;1029;0;0;1029;1029;0
"Rigidbodies Synced";0;0;0;1178;1029;1029;4;5;0;0;0;0;509;2;1;2;300;1029;0;0;1029;1029;0
"Scene Object Count";0;0;0;1178;1029;1029;5;5;0;0;0;0;300;1;1;1;300;1029;0;0;1029;1029;0
"ScheduleAllocJob";0;0;0;1178;1029;1029;7;12;0;0;0;0;2932;10;8;10;300;1029;0;0;1029;1029;0
"ScheduleJob";0;0;0;1178;1029;1029;2;14;0;0;0;0;10357;35;33;37;300;1029;0;0;1029;1029;0
"Scripting Reads";0;0;0;1178;1029;1029;5;5;0;0;0;0;300;1;1;1;300;1029;0;0;1029;1029;0
"Shapecast Queries";0;0;0;1178;1029;1029;5;5;0;0;0;0;300;1;1;1;300;1029;0;0;1029;1029;0
"Solver Continuous Islands";0;0;0;1178;1029;1029;5;5;0;0;0;0;300;1;1;1;300;1029;0;0;1029;1029;0
"Solver Discrete Islands";0;0;0;1178;1029;1029;5;5;0;0;0;0;300;1;1;1;300;1029;0;0;1029;1029;0
"Solver Simulation Count";0;0;0;1178;1029;1029;5;5;0;0;0;0;300;1;1;1;300;1029;0;0;1029;1029;0
"Solver World Count";0;0;0;1178;1029;1029;5;5;0;0;0;0;300;1;1;1;300;1029;0;0;1029;1029;0
"Static Bodies";0;0;0;1178;1029;1029;5;5;0;0;0;0;300;1;1;1;300;1029;0;0;1029;1029;0
"Static Colliders";0;0;0;1178;1029;1029;4;5;0;0;0;0;509;2;1;2;300;1029;0;0;1029;1029;0
"Static Shapes";0;0;0;1178;1029;1029;5;5;0;0;0;0;300;1;1;1;300;1029;0;0;1029;1029;0
"System Total Used Memory";0;0;0;1178;1029;1029;5;5;0;0;0;0;300;1;1;1;300;1029;0;0;1029;1029;0
"System Used Memory";0;0;0;1178;1029;1029;5;5;0;0;0;0;300;1;1;1;300;1029;0;0;1029;1029;0
"Texture Count";0;0;0;1178;1029;1029;5;5;0;0;0;0;300;1;1;1;300;1029;0;0;1029;1029;0
"Texture Memory";0;0;0;1178;1029;1029;5;5;0;0;0;0;300;1;1;1;300;1029;0;0;1029;1029;0
"Texture Reads";0;0;0;1178;1029;1029;5;5;0;0;0;0;300;1;1;1;300;1029;0;0;1029;1029;0
"Total Bodies";0;0;0;1178;1029;1029;5;5;0;0;0;0;300;1;1;1;300;1029;0;0;1029;1029;0
"Total Callbacks";0;0;0;1178;1029;1029;5;5;0;0;0;0;300;1;1;1;300;1029;0;0;1029;1029;0
"Total Contacts";0;0;0;1178;1029;1029;5;5;0;0;0;0;300;1;1;1;300;1029;0;0;1029;1029;0
"Total Joints";0;0;0;1178;1029;1029;5;5;0;0;0;0;300;1;1;1;300;1029;0;0;1029;1029;0
"Total Queries";0;0;0;1178;1029;1029;5;5;0;0;0;0;300;1;1;1;300;1029;0;0;1029;1029;0
"Total Reserved Memory";0;0;0;1178;1029;1029;5;5;0;0;0;0;300;1;1;1;300;1029;0;0;1029;1029;0
"Total Shapes";0;0;0;1178;1029;1029;5;5;0;0;0;0;300;1;1;1;300;1029;0;0;1029;1029;0
"Total Transform Sync Calls";0;0;0;1178;1029;1029;5;5;0;0;0;0;300;1;1;1;300;1029;0;0;1029;1029;0
"Total Used Memory";0;0;0;1178;1029;1029;5;5;0;0;0;0;300;1;1;1;300;1029;0;0;1029;1029;0
"Transform Parent Sync Bodies";0;0;0;1178;1029;1029;5;5;0;0;0;0;300;1;1;1;300;1029;0;0;1029;1029;0
"Transform Parent Sync Colliders";0;0;0;1178;1029;1029;5;5;0;0;0;0;300;1;1;1;300;1029;0;0;1029;1029;0
"Transform Sync Bodies";0;0;0;1178;1029;1029;5;5;0;0;0;0;300;1;1;1;300;1029;0;0;1029;1029;0
"Transform Sync Colliders";0;0;0;1178;1029;1029;5;5;0;0;0;0;300;1;1;1;300;1029;0;0;1029;1029;0
"Trigger Enter";0;0;0;1178;1029;1029;5;5;0;0;0;0;300;1;1;1;300;1029;0;0;1029;1029;0
"Trigger Exit";0;0;0;1178;1029;1029;5;5;0;0;0;0;300;1;1;1;300;1029;0;0;1029;1029;0
"Trigger Overlaps";0;0;0;1178;1029;1029;4;5;0;0;0;0;718;3;1;3;300;1029;0;0;1029;1029;0
"Trigger Stay";0;0;0;1178;1029;1029;5;5;0;0;0;0;300;1;1;1;300;1029;0;0;1029;1029;0
"Video Reserved Memory";0;0;0;1178;1029;1029;5;5;0;0;0;0;300;1;1;1;300;1029;0;0;1029;1029;0
"Video Used Memory";0;0;0;1178;1029;1029;5;5;0;0;0;0;300;1;1;1;300;1029;0;0;1029;1029;0
"Virtual Texture Reads";0;0;0;1178;1029;1029;5;5;0;0;0;0;300;1;1;1;300;1029;0;0;1029;1029;0
"WaitForCompleted";0;0;0;1178;1029;1029;3;12;0;0;0;0;3509;12;11;12;300;1029;0;0;1029;1029;0
"BeginJob";0;0;0;1182;1030;1030;11;12;0;0;0;0;506;2;2;14;205;1030;0;0;1030;1030;0
"EndJob";0;0;0;1182;1030;1030;11;12;0;0;0;0;506;2;2;14;205;1030;0;0;1030;1030;0
